,x1,x2
0,-1.1784143112246266,0.7341396666168873
1,-1.7712794489569774,1.191969209180733
2,-0.8212428205535081,1.030675965770452
3,-1.9489296112464336,0.5364387286810892
4,-0.961617222384083,1.3815278786422927
5,-0.645476627839949,1.0599700130818615
6,-0.5031764799100988,0.2867588450253321
7,-0.05078236494885213,1.5935957765891473
8,-0.6464218850043455,1.5523255789223618
9,-0.1473096439750633,0.9594710672037953
10,-1.5840613205670917,0.27314520918810126
11,-0.5796545951533203,0.5192555327210332
12,-0.7916214471817832,1.2785321583077234
13,-0.6040661688820175,1.633546121194792
14,-0.6391445490268244,1.1763721252567707
15,-1.316650414837778,1.8548331698201932
16,-0.6594862934403589,0.6715585782490037
17,-0.9817886075156853,0.2460820723119571
18,-0.4737045338866823,0.2868912553044348
19,-0.46827013041345655,1.6562358472549568
20,-1.3844437031231545,0.7239391143305449
21,-0.8530631668241457,0.9565021351846247
22,-0.11115013876121072,1.4335804094371536
23,-1.128287479016346,1.5402953209915622
24,-0.5961485210291212,0.2888069795142064
25,-1.0231610479282234,0.7332915335343341
26,-0.8907003047157662,1.4961577479754693
27,-1.7555736350181643,0.8334196281898563
28,-0.526908975192846,1.277527947126777
29,-1.4566399664141574,1.1603489459828742
30,-0.7269962427908847,1.155582710346373
31,-0.12695821001983765,1.1164942931250144
32,-1.7922533488870331,1.0655081599480942
33,-1.285141061040468,1.3495488718091284
34,-0.9577237682117562,0.6342666741640255
35,-1.6479908956030433,1.3247488393284392
36,-1.4787618761275978,1.510805659653365
37,-0.08832276554883511,2.4314940201356077
38,-0.9443742059040877,0.8665169411750423
39,-0.4125121891315586,0.3304388555309382
40,-1.0146886559156105,1.211169165495765
41,-1.4970428761990946,0.17517425716543644
42,-0.4797611599354712,1.2028998221126264
43,-1.5133405013690588,0.6945799565974182
44,-0.9253934482631856,1.3992253792220812
45,-1.3497268413058783,1.2628980415333548
46,-0.5824164430283458,1.2103518197178664
47,-0.36183984043285145,0.712552034407012
48,-1.2149819393348569,0.9501239117218712
49,-0.9281038422069914,0.9235302275459752
50,-0.23400723077866947,1.499953307814288
51,-0.5930310602619919,0.8995642425939245
52,-1.0556429367907252,1.1999012628245762
53,-1.8987343304096078,0.2116783730862285
54,-1.0916381706257337,0.8612780981106408
55,-0.1335150022625372,1.8497161505339537
56,-1.8058813191352623,1.752009781644375
57,-1.0093312037208664,1.1813840811080796
58,-0.614907979634585,0.6459551303066817
59,-1.7488680030194486,0.7266962032221607
60,-1.0661866779189748,0.3586661955340682
61,-1.184044457665486,-0.07065291741575197
62,-1.9551333600719791,1.4302324181458292
63,-0.37793962263229763,1.2639022455023186
64,-0.8853524639322912,0.7962215733776451
65,-0.32820374793699236,1.7151592847717652
66,-0.6746864130138384,1.624839739670657
67,-1.0789532767898387,1.901311311952828
68,-0.5478736851574153,1.2484367272631518
69,-0.974582486725259,0.24695056716323716
70,-1.5150780082383268,1.3116316578653309
71,-0.3394979955807106,1.7772747096487682
72,-1.3634572189874208,1.1310109813385942
73,-0.029253780254183237,1.1356161299902152
74,-1.327334163958181,0.8604954355573611
75,-1.2215803515799744,0.9975327350795498
76,-0.7693287670364006,1.37756136856835
77,-0.90516824145253,0.6430362524005927
78,-1.9842388535663906,0.31543939852394465
79,-0.6748533606128986,1.7403876012442399
80,-0.8130071116974589,1.6847889001179883
81,-1.2586171584763761,0.22233776923986248
82,-1.5613676929576736,0.6996978878013032
83,-1.967455087369479,1.232182127632666
84,-0.6519067949285264,0.8713885982297354
85,-0.34421518976989485,1.139821082413744
86,-1.0734007941822252,1.1423626595547742
87,-1.3853181981393465,1.1378384237190764
88,-1.4654624568638248,1.453833211233784
89,-1.7418348847725398,1.978551152704498
90,-1.0087499249909382,0.4491360366291163
91,-0.6736534895852588,1.6314888584889424
92,-1.1258511854956517,1.3257223768676698
93,-1.188607775260476,0.7653311760376875
94,-0.14226558297663305,0.8996609095849312
95,-1.0711295203900413,1.470504634706809
96,-0.7018084420538806,0.5103171758808475
97,-1.1992969187210303,1.044399189677193
98,-0.6533390848809726,1.4438852087867393
99,-0.6645927863591026,0.6125293258277418
100,-1.3373430098360322,1.0173282661444425
101,-1.817596709310072,0.8488862281678421
102,-0.08732121125874359,1.319546154167234
103,-1.3928041571254708,0.9321426098101382
104,-2.4486769999993263,1.9880043447056024
105,-1.6144073834836896,1.1037873876358928
106,-1.6326305589684407,0.7793454414382497
107,-1.099014448625962,1.3809998335182916
108,-0.579493438153013,1.2707293239257607
109,-0.8088296988434188,1.2429520535419571
110,-1.4446656795425499,-0.6256278803711279
111,-0.7969193500196698,0.18310957564792607
112,-1.133302068050996,1.5554107611123884
113,-0.6879340749975904,0.6304402780806145
114,-0.8950141342430774,1.5348012216282914
115,-0.7418203288152492,1.3950801036220777
116,-0.8143262241177505,0.7735655313638844
117,-2.159263741001265,0.24166185152514086
118,-0.15329073384450265,1.96463332900297
119,-0.9736031847786161,1.5655229935031703
120,-0.609291102491431,1.3181432003769706
121,-1.4996130076844818,1.0479386542553006
122,-0.35743254959505066,1.4310102933252402
123,-0.5809971560395825,1.0058011565798575
124,-1.9176016002216159,0.33853132324810375
125,-0.7263689863026166,1.8541378797553771
126,-2.2755512859126186,0.37743707975554497
127,-0.1673888355393276,1.5263546462772135
128,-1.3427951560157767,0.20963537560231027
129,-1.443442878410537,1.0464787139825171
130,-0.566640520658314,1.3957123386041261
131,0.7734786364832751,2.1255990057744745
132,-0.4924644008005612,0.718368222987187
133,-1.2777861155253083,-0.18228694160677428
134,-0.8445499236072409,1.238137677758624
135,-1.1904975293257025,-0.09861649007691309
136,-1.5234186217821795,0.48305333426929664
137,-0.7071859364854257,1.585073962184361
138,-0.8992169599870101,0.7211725556339329
139,-0.9093695834502731,0.846936700646713
140,-1.2601506041364332,1.158617603893592
141,-1.3178566529367264,-0.10071991280679105
142,-1.3366171608897124,-0.5712258887131636
143,-1.1181618778217184,1.2539225940100505
144,-0.9287485054234086,0.6774217384713433
145,-0.7510243159028047,0.9371745156744437
146,-1.0050958411301998,1.532239705158159
147,-0.9405449257666856,0.6212205675114983
148,-1.4994899357886733,0.6948633461810365
149,-1.5626291129129581,0.8355831312895873
150,-0.452117361607537,1.1935930405795105
151,-1.5272158855224287,0.8588161654398293
152,-1.0277546993279505,1.0464496533047243
153,-1.3843178131585878,0.24153958937934672
154,-1.1807304561374745,0.691391682294147
155,-1.2501137556869206,1.444813742822925
156,-1.626391748041038,0.888116921610268
157,-1.5904698691137826,0.4228141267208151
158,-1.2068636769478618,0.596906396438461
159,-1.1038167526911622,0.8138735526182364
160,-1.231583090836523,1.14482726232976
161,-1.295751540170797,2.027590367493344
162,-0.1661351971391174,1.0659444977709867
163,-1.7682686528763332,0.7324227974252087
164,-1.477815164088026,0.9195854292746853
165,-0.7107863312380536,0.7217401778743334
166,-0.8197634937614886,0.7519618357112843
167,-1.389583174796006,0.5174095707465799
168,-0.5291953038119173,1.267542442717348
169,-1.0064032043795865,0.6370660836563297
170,-0.7093525231022986,1.4447688018916216
171,-0.9492428731977336,0.7301381111120775
172,-0.8627258990211744,1.2840353675687306
173,0.09268213006893222,1.2025238798274822
174,-0.6112040606990363,1.2538001074039746
175,-1.6055906908442328,1.3275065102857875
176,-1.3329800397769627,0.5658659521623342
177,-0.6744680719453697,0.6914766853632419
178,-0.9004387973616872,0.91699744958396
179,-0.8827307344438151,0.5940824790370809
180,-1.7169534242900464,1.252435780401717
181,-1.0783933834236246,1.1756714175006255
182,-1.1817647224411403,0.5644811705495008
183,-1.1041992712829611,0.9037648622530703
184,-0.7992349221686583,0.7118707637157958
185,-1.1684421702774235,1.1465196039640788
186,-1.952319220766853,0.6543769199092502
187,-1.7202758630206256,-0.20558907416173144
188,-1.4480914812683525,0.6678641845150182
189,-1.7237032821475295,-0.23491600425372972
190,-0.4349203785028012,1.1859904270258275
191,0.11609337931381747,1.783576707357335
192,-0.7080642440853024,1.3870531381550664
193,-1.7461352318620755,1.4404593944402757
194,-1.242609507686985,0.39252458383887734
195,-0.7537752452427438,1.5573417560899683
196,-0.9887318746679356,2.169584353488219
197,-1.3790952887301073,0.32417197460076486
198,-0.6619949840243822,2.1942690886840994
199,-1.340208111051137,1.4426556630980012
200,-0.09741124943102841,1.5235107015390466
201,-1.0172016220170599,1.0125115144076782
202,-0.9956870449593718,1.3982378403806046
203,-0.4775212826716895,1.4324300243784875
204,-1.216477685227522,1.108882001265888
205,-0.9626007919710039,0.32611309548821055
206,-0.7179601728783447,2.0901136012825727
207,-0.9119231187834501,0.6146924305186314
208,-1.7302757833275357,0.34288327904695526
209,-1.5487489523893276,0.4939534846930087
210,-2.4766820021094795,0.6334930242983783
211,-1.1958975593552388,1.4185778633390624
212,-1.7214201988017734,1.1441784010754266
213,-0.785421630379606,1.648475410756187
214,-0.91717956153202,-0.02950407912638431
215,0.1740311298179218,0.8843074578924658
216,-1.106424385488827,1.3473891836572522
217,-1.6953053258782362,0.35155632789307134
218,-1.2919126128141878,-0.16476541482993845
219,-0.22065849005503846,1.744210060486054
220,-1.1614203031771748,0.8179017225222686
221,-0.04722955395072148,1.8964059840443555
222,-0.6283925585385153,1.7951455496201345
223,-0.8667316345862675,0.5388361951043675
224,-0.4352390025276074,0.8948555459488521
225,-1.2740115777860184,1.330073466694472
226,-0.7185634142111026,1.600223592930456
227,-0.512133179464652,0.9864100115718196
228,-0.6247622009923057,0.7204930651981708
229,-0.3735982535753034,0.8687972465560381
230,-1.8898031051225097,0.1324995234011671
231,-0.7547396288515666,1.3805931494363641
232,-0.8798886462042397,0.9803579081597076
233,-1.5142086690515542,0.9648812727260255
234,-0.580662958489429,1.0551576097689448
235,-0.1490617540972362,0.3950754709603407
236,-0.7546295532246688,2.109857638815099
237,-1.6568998151896595,0.18559596391715183
238,-1.3562700535024037,0.8405818285849923
239,-2.7309580295965397,-0.02287668333362869
240,-0.640625095116374,0.7550380671439907
241,-0.3459162161758893,1.7827654858960211
242,-0.21199355044710078,0.8884942229624331
243,-0.3688283066621706,0.9471406752919272
244,-2.0333116475102324,0.5242862940332731
245,-1.4644339552820698,1.4715649024597417
246,-0.7622381801492051,0.6930378620675284
247,-1.8515801141867554,0.489256524210117
248,-0.4759390429481837,1.4036802071378613
249,-0.17113194284687305,0.954308717610054
250,1.0638697667802282,3.3900473143118695
251,1.9251675351576991,1.9265999613385578
252,1.3163967373945602,2.065754168272733
253,1.2030027528257914,2.010608828586922
254,0.8899330914069421,2.3384547193517693
255,0.9535380043311462,2.623994830110985
256,1.016536619209839,2.177588572343429
257,1.557296278339495,2.380524947771162
258,0.6309534082747089,2.5318705958990897
259,1.2183491158131212,2.717681421242347
260,2.0562016732035757,1.7867963920822036
261,1.5589016205574413,2.2962778616115944
262,1.07804567142541,1.7147865148828934
263,1.9245233398845116,1.6969809020013487
264,0.7679274044475941,2.427649906169076
265,0.4091765900900053,2.4477690488673796
266,0.8622484448714266,2.19616864622411
267,1.4365167190117467,2.1846806112095876
268,1.4442174488397446,1.9838040835557922
269,0.4678566518007098,2.8741494610151506
270,0.42954381180123824,2.6652359238663803
271,1.157442454044526,3.0872466319598084
272,2.1576310538457397,1.0859865537184505
273,0.7660616078387482,2.7431337350192884
274,0.7793718698243979,2.550517743195707
275,1.0218946181749575,2.5084844056478572
276,0.5729991992215299,3.1407812608813375
277,0.8391001795007775,2.5767028415759796
278,1.2470801608173674,2.159473936744874
279,0.8086389371521951,2.603091079530492
280,1.4191862981846493,3.1089611550810616
281,0.5915365702649656,2.862661273696658
282,0.4081446115160504,3.009358533679995
283,1.8936473157490967,1.2555227805712426
284,1.9567951559805126,1.4860032349546566
285,1.4656535894316818,2.884071968621233
286,0.8875439454856416,2.6144713192498044
287,0.190872323569092,2.4202779047525813
288,1.1545634184476985,2.790177976556264
289,2.0950443019050136,2.0164580561251717
290,0.8378905956811659,2.57638700317558
291,1.291351425554247,3.3241332916605315
292,1.064570682908993,2.646436937967488
293,1.13964947172825,2.080288572188006
294,0.493405928810845,2.7237417453550905
295,0.9574094292977251,2.4289756665171174
296,0.935119202020535,2.8140990277669267
297,0.4671868941231645,2.904726838381064
298,1.0160792474067333,2.1462043121133623
299,1.4065135850773034,2.362220325001192
300,0.515303256541894,2.672291873187246
301,0.9683268804631833,3.2379328005688435
302,1.3129468500648285,3.126381753288529
303,1.2085813470398705,1.8347921479362972
304,2.323885802236308,1.9451655533320287
305,0.760388061556698,2.814753717910756
306,0.7083486850710253,2.388317311390846
307,-0.09398125510546507,3.7517707245113616
308,1.2075889533813535,2.716983747986246
309,0.9095573738680786,2.7905666056047918
310,1.6006607573022795,2.210186301856967
311,0.4598328199118268,3.7418573163868603
312,0.18909538631393485,3.182282012953332
313,1.5666755997269757,1.9770707794683946
314,1.3168062054261287,2.772531117714823
315,2.288250163789455,1.9957855340746353
316,1.0835504402184675,2.3255425416394777
317,1.2360149864989913,1.623910611238824
318,0.7048091038795798,2.9279796878414945
319,1.4553920328154069,1.5654311330743529
320,1.641096908290811,2.7053122090006823
321,0.8936826933746159,2.034091342011011
322,1.1618886879407526,2.3161456238548084
323,2.4363026202344753,1.1394159772929033
324,1.3711437409134213,2.540209210704743
325,0.42742955124161197,3.676385646186957
326,0.987017630196305,2.1181289396414744
327,-0.17343825722718198,3.7999215460226785
328,1.08764082056942,2.501570112482366
329,0.968677650183892,2.566762410951747
330,1.2645496267684102,2.090887619888174
331,0.9948631622167629,2.3621098920007646
332,1.4802214137365683,2.167375631059404
333,1.5637916647258234,2.708814447304968
334,2.669553256077048,1.4185834476840358
335,0.013333253396314637,2.6594184458939436
336,1.1882870944413764,2.2455995003610276
337,1.6298307486102193,1.622319053892398
338,2.0471075053788064,2.3365316599129775
339,0.9164891663805836,3.252167559528045
340,0.486700316922556,2.608372380965791
341,1.4716876116763626,2.347167345396589
342,1.8704952002175825,2.0483673913256366
343,1.136350218572841,2.296024820414706
344,0.8438603123374491,2.9548202805409405
345,1.5397171077759324,2.5787509419568524
346,1.7782590524889454,2.0971957248890476
347,0.7342326829658987,2.7273339409342823
348,0.6571759884418997,2.383309010684018
349,0.5966411157694032,2.920668134976304
350,1.5959271040590912,2.4732040835400513
351,1.13723032503674,1.8328866344939807
352,2.013822531386971,1.8571933578630668
353,2.1325985839919595,2.252169231495676
354,2.5203038799777557,1.8383744720940332
355,0.972865557152917,2.5838830243555355
356,1.461709091801111,2.316790004992161
357,1.3655231520016637,2.7278884495768154
358,1.076494671245652,2.5907223199076914
359,1.2690726775407848,2.305460465326929
360,0.5636938376587938,2.271495606550853
361,1.9402916149998153,1.992106192894102
362,0.9734273562548492,2.544292794382791
363,1.1685046655597036,2.5869385986250966
364,1.1958456128337929,2.0560859325244314
365,0.7833065686429097,2.379151823740591
366,0.5151643544975231,2.323417110211995
367,0.6910981910042608,3.1202538283299046
368,1.1917215169408946,2.84775125125477
369,0.4940828197408539,3.5595572642034305
370,1.7343150076594211,1.2934407763277755
371,1.418243425035418,2.193424847339739
372,0.6788892397193331,2.596548260188456
373,0.8377078591829454,2.4244746236600236
374,1.0912199181102702,1.879702115118322
375,1.2593707568256405,1.736137510714736
376,1.82353809460368,2.247664841626347
377,2.1633179683887382,2.6139190795567946
378,0.8946716632874853,2.7879895641683743
379,1.6857729396579253,2.2274151594767115
380,1.4151011370658049,2.2394633108280306
381,-0.20152191570401023,3.7585626225647846
382,0.3681283081814847,2.9174016344671605
383,1.5134573048365647,2.8784688143396027
384,1.818759347034144,2.5917922892463765
385,0.6203526376737901,2.7281045731292655
386,1.001265916590766,3.033673655646287
387,0.4379820975288392,2.459792059746036
388,1.4082217384333182,2.0810845626084498
389,1.276003214736093,2.6015697856360465
390,0.7125574235887082,2.290258424521962
391,1.0464321977517186,2.8266300487576816
392,1.061774693145648,3.021565141076688
393,0.7857147098324004,3.0196368643813045
394,0.763680700197997,2.09351498873935
395,0.9316312690923498,2.7612494882249354
396,0.6787209208312877,2.350299758026661
397,1.876020407279155,2.1949638668708924
398,1.2721657655321976,2.6326106116755423
399,1.0924944870008149,2.520812863131276
400,0.515466987839556,2.853750793815554
401,0.9485717145432269,2.44469249148421
402,1.2481151252337743,2.2136188978014584
403,0.8818816679657573,2.50401543959947
404,0.2720816631201888,2.9278377886937097
405,1.095108968268782,2.3082373241074228
406,0.4204620419813496,3.2674399263350824
407,0.2518963323866211,2.6837408718552562
408,1.1654023604544934,2.832452626323752
409,1.2971066600960977,2.7793906493715217
410,1.6737838930672138,2.5564954429668414
411,-0.13058223040974948,3.568315893209501
412,1.6477379095282028,2.6022353881274305
413,0.19329887079143449,3.172871016522147
414,1.2470844545054003,2.226897637409543
415,1.566808435517022,1.6223579244827449
416,1.4303856285228689,1.826244861770801
417,1.16971445002175,2.5350295626349686
418,0.10151100352260856,3.052011496336686
419,0.559989440550223,2.944311839026807
420,1.275626080528858,2.6261623708764246
421,1.7468704295537472,2.0241484079914485
422,1.1268893460862637,2.6933415542993195
423,1.5044374798466416,3.193606123754459
424,1.300135463402712,2.062395479151396
425,1.2873618033735743,2.0642212769488095
426,1.684565742646007,2.4471786153394888
427,0.2621251249320834,3.0826293729219385
428,1.6215895095252029,2.189233936420974
429,1.5176393791028688,2.3654163348218975
430,0.6596078018114433,2.262530822662743
431,0.7278178549665425,3.6753230562966044
432,1.3197016409422362,2.1069129504578497
433,1.0318541164322834,2.7177195071571885
434,1.2202232633996017,3.278767536072432
435,1.0099689232431492,2.2330216957491
436,1.626218688396587,1.6468994603820595
437,1.517838823675155,2.8847118508013576
438,1.408846156759087,2.2912348577229156
439,1.3739442623797173,2.757521366306965
440,-0.28217207927498444,3.6447603465986376
441,1.5782011913163358,2.4887617487981135
442,1.1719905666761061,3.2538820563024173
443,0.727695753459229,2.711623938785193
444,1.0525862419619252,3.0432410726542343
445,0.8031888310789441,3.023671012276308
446,0.8281250978081509,3.294799787397305
447,0.5539764451139053,3.3361354361514324
448,1.2163652177678772,2.4492471374510227
449,0.31407314738863545,2.9205821138969923
450,0.8277101133082484,2.5963834221811495
451,1.3714981156077055,2.8002429385425227
452,1.0148339938218076,2.6059330618417107
453,1.946795440698809,1.9869392997188895
454,1.2609763708253132,3.3064605519663886
455,1.3028926204712925,2.3951143855182915
456,1.3280374346327348,2.9774211183434898
457,1.2100388760742948,2.5147433436873428
458,0.8377788136016552,2.8456753233181944
459,1.3666166490625709,2.3201830345120427
460,0.333648326127446,2.8072800759872183
461,0.8769633894599079,2.409933063606784
462,0.16188173938417683,2.7569283683090196
463,1.463808063092237,2.3048862158206482
464,0.302535780053074,3.2680598092874145
465,1.7982392717089444,2.643039745015746
466,1.3323389913747263,1.2843250909584822
467,0.767730037568997,2.6077444876223295
468,1.769009725411517,2.1477769082808034
469,0.851967826816168,2.495768540587367
470,1.9352395886856726,2.054935190014778
471,0.7527230137068737,2.8029241916655345
472,-0.06259672594305843,3.1840402701046076
473,1.7080472376188558,1.5825220666941167
474,1.1772053632070394,2.5316193468515413
475,1.299340008773326,2.458103950916996
476,2.04860529191681,2.1970658677263657
477,1.3909105322371056,2.7087593538445365
478,1.03077045150812,2.773495797885824
479,0.9152270373146242,2.8849943175468282
480,1.0758461610504235,3.1185689209179674
481,1.1602774749763347,2.7567986446778048
482,1.4668878460748866,2.77715215178766
483,1.8408986741712834,2.5645063721120134
484,0.8001479364371559,2.1599899857928127
485,0.8836600123143318,2.411764427225121
486,0.5337470673589818,2.774390616347706
487,0.9005775645425051,1.8543941313277255
488,0.784157265264662,1.7318509460155855
489,2.0619852979654394,1.8780824744797158
490,0.8022351236438339,2.988035282294666
491,1.5728194880013897,2.0058433448721766
492,0.8427830507682901,2.2391805116777217
493,0.5444850213786372,3.447883323145788
494,1.2164939432772206,2.3955297694475566
495,0.5392628002433936,2.1476456081909463
496,1.0710923774495833,2.2239149949289865
497,1.5379540686086481,1.9363340587137325
498,0.34445355664408894,3.542140083493612
499,1.5136228970772254,2.3424439072944283
500,-0.3505745862027112,0.2230294554773855
501,0.942347902800586,0.20108176119957122
502,0.20419685552878464,0.3334103485365164
503,0.009661143591349286,0.34108400004028205
504,0.426058387429609,-0.2217515188766278
505,-0.007556718761606462,-0.04223302825654096
506,0.003925284606228208,-0.7726906135635523
507,-0.20623195371317982,-0.24064791236994199
508,1.211418657418894,0.6065707226595425
509,0.6745127244439565,0.8293954164154353
510,0.6919932826952417,0.012001422177390697
511,-0.18462359008527085,1.4077283849940947
512,-0.30197296259135165,-0.13691838954443136
513,0.63176066099849,0.5321860739955109
514,0.8368477004772985,-0.21888195426045498
515,1.5201032089441804,-0.07593438658057938
516,0.23989035965217875,0.58137333173662
517,0.27074955974450343,1.3876413668830263
518,1.8940236689731589,0.46883974284097746
519,0.15550050743390953,0.8315658010811802
520,0.09320802176857945,-0.49072209777941833
521,0.20444600325538514,-0.0277724938588636
522,0.4122228447483563,0.9515457914930554
523,1.0500282421017522,-0.4688760617887989
524,-0.5777182188315386,0.376949050148916
525,0.8311539460087127,0.9623069407967366
526,0.35661324685490703,0.3747085666858744
527,1.241992866562112,0.4800724417221568
528,0.2215336139879801,1.0027091063588007
529,0.5971869047178275,0.08710870780075725
530,1.5255820333203025,-1.0576797112395022
531,0.8828670714989336,-0.7726819048152485
532,1.340312355693086,0.20352931194577095
533,0.8285126607911182,1.5997300315206966
534,0.7768971856398856,0.8668031325228667
535,0.5226958891776046,0.7218168803399388
536,1.2002743316795508,-0.07315397665307066
537,0.4339823519788551,-0.1791240439902636
538,1.6174450456198217,1.059258203686442
539,-0.3675461465385397,0.14380039877798256
540,1.011485208452343,0.5192752482900561
541,-0.016201110936524876,1.5213309120940766
542,0.3389327797924587,0.49873143574209655
543,0.11140097538751237,0.11118631951468438
544,0.9050135135883332,0.5407354436429337
545,0.7495346381557431,0.5183922807697615
546,0.3331244792928043,0.17658552549067524
547,0.38624446565926385,0.11871212960387723
548,1.4986073730245717,-0.3732072647164696
549,0.12040109101486285,0.21029414845342848
550,1.4381927895297912,-1.1849883120392006
551,-0.23220857025022923,-0.5489976322464196
552,0.6093665955781673,-0.46068112500362224
553,0.8500111619111144,-0.23133953112516514
554,0.19518283577059936,1.5965763590838375
555,0.699489907696217,0.6814073011401444
556,0.07993202708962321,0.29464924863324293
557,0.4759759074859747,0.5813241894932697
558,-0.4159364398674352,-0.6641437841224174
559,0.165090079142879,0.8441306139847509
560,-0.32096739755292547,0.4721734093939736
561,0.8751769135072409,-0.28112960710642443
562,0.4047460768685619,-0.7543552900716697
563,0.8719836207105955,0.04091116801938699
564,0.5928923056247152,0.6679546725526317
565,0.37106477378026737,0.5240690032140378
566,-0.2551774747853184,-0.07572345404651926
567,0.4125070631035748,1.0191202589048738
568,0.6493298004095851,-0.57776058677637
569,0.12330666314621119,0.5099498683330178
570,0.2656473134093067,1.216646212337715
571,0.7186452151516838,0.6237100140452395
572,0.775577991349177,0.5886123577120634
573,1.8224254373240576,0.41759242768229676
574,0.29796919100941993,-0.6106495131479295
575,2.0710863966650788,0.06943096707917912
576,1.5565743398927396,0.2495979982334579
577,-0.5013129751655423,0.14356061759842847
578,0.08415686917606502,1.7686798698417368
579,0.37019445691703523,-0.1015789770283897
580,0.9272021915903741,2.6439422651621887
581,2.047451774968782,0.4708124156806949
582,-0.8056694014761179,1.0355739115482727
583,-0.1925183611060265,0.0792818582397874
584,0.060873902782694445,0.5748925868364195
585,0.22237774910844688,0.25763937334781906
586,0.6767576605458475,0.4243884924965823
587,1.1750516150190733,0.7402219977602649
588,1.5441783443557076,1.2619015095922617
589,1.6305944696899053,0.5072654022654365
590,0.03235237677757674,0.9969850466061431
591,0.9213917251311606,-0.5925833515679888
592,0.7758690186702084,1.3629746657749235
593,1.2600054790159598,0.8720639017790168
594,0.8441749289490574,-0.16600016835127684
595,1.2080789116355537,-0.1080468943398446
596,0.8514793391498455,0.9190281006546588
597,1.2713594714755436,1.4398870774250816
598,0.47819189596487766,0.7404381558873389
599,0.023127316238644835,0.9644490845767666
600,0.8202340286314908,0.26096757719975744
601,0.4147113290452474,0.6692670724347427
602,0.6598429109503637,0.493804356390067
603,1.3102952444300993,0.5556725451624602
604,0.6334136353678915,1.8972145597460786
605,1.5798791788241546,0.8001530976506326
606,0.6663967605416548,1.2151442135019823
607,0.3179389589650648,1.1618748745959535
608,0.9027530217223768,0.9361762848913956
609,0.19885963567040565,1.7936201618328382
610,1.1337200906425713,1.1929346942819228
611,0.22626864725781098,0.3724778111113578
612,0.8421975486979016,0.5335817586142612
613,0.740713743426732,0.4177230448436786
614,-0.6819361263043082,0.967520106861296
615,1.5374712712391934,0.19141187399810666
616,-0.3372939890517712,1.6210456938402935
617,0.39552456488278115,1.5669080748180642
618,0.13577920577814706,-0.5273859472182167
619,-0.25109955300557296,0.9113148089091486
620,0.9649998525937544,0.5946723031086959
621,1.4004186805424812,0.3514122873153557
622,1.519990329434397,0.29596843336896417
623,1.0059357034254444,0.16172987949739326
624,1.2399834514007937,-0.26177224123618603
625,0.1943595434532127,0.691739906589856
626,1.4892327625908164,1.6021909422447322
627,0.6236946090504883,-0.5883636777444023
628,-0.2686589718339447,-0.11808251633946787
629,1.0577463652392387,0.8110866072463618
630,0.40336695522134536,0.2669576280171862
631,0.8295909905282532,-0.14069980228675227
632,1.2110643116925148,-0.17173409679961338
633,1.1308908490008693,0.17462745770858473
634,0.5317976114904048,1.3659873602605597
635,-0.07247460040119535,0.2371669159999199
636,1.3504925890047577,0.8857662870874995
637,0.06529279819998302,-0.016138325073727477
638,-0.5646912555999173,-0.43561794165589784
639,0.738215799961167,0.2795904108193825
640,0.7004386956891434,0.3728732783373514
641,-0.03610273026684274,0.5643318554877252
642,1.6297222359371561,0.31593283769047
643,1.3584806660999897,1.5834967031537197
644,2.1239914857642095,0.12275398513962399
645,-0.5272155372515293,1.3585775051532267
646,0.3521138293902751,0.8536455429915635
647,0.7025534370592925,0.4198164171964455
648,0.38547429940077044,-0.05738680844227373
649,0.43858884127249875,0.5077405363404094
650,0.6019020382359984,1.2319042167221528
651,1.0991415821010992,0.26683981690681674
652,0.8213671588251857,-0.13034508666012112
653,0.6904472533292392,0.4828177533549357
654,-0.013666011424275148,0.18349502469274448
655,0.3697751420874659,0.853967515675051
656,-0.19278213414489798,0.07391545156843132
657,1.2438697897149826,-0.05369114725146362
658,1.33291242596462,0.8775431167203886
659,1.067332730731707,0.7109013154147933
660,0.4515422042496441,0.6947149581646541
661,0.529922267522564,0.7369587457550656
662,1.4958140546704342,-0.35697985515237507
663,1.2058420487884152,0.8852897505951389
664,1.0228404055578453,1.3247767927150247
665,-0.5359435356505922,0.28374578752920343
666,0.17762935876375907,1.22486032797568
667,0.7704940119643003,0.2884676544244169
668,1.1174945789019497,0.6644302829790389
669,0.812838211652968,0.7554186527874807
670,0.6225588313870674,0.4251073146894464
671,-0.005341043887280739,0.7908250999681578
672,0.8707643123978563,-0.5715904612858351
673,1.5205771017454652,2.102285223474232
674,1.4423936093796048,1.0543413822681307
675,2.0088558426867222,0.3012108419671384
676,0.12558428833647983,0.5607390648987726
677,2.0573736506093603,-0.31044786228751176
678,0.7952031175768483,0.9230098671331002
679,1.3248043946209922,1.2782143099687073
680,0.464927078389441,0.7495971198166521
681,1.0503419938041065,0.03621410790665941
682,0.19873397911142776,-0.1339013776637532
683,1.1033656779978078,0.12253768259622516
684,1.2804067651113937,0.34012770291622496
685,0.06597648804924927,1.2980945504637447
686,2.0257510114186514,0.47574868945673776
687,0.08972901749969997,-0.28540373578039124
688,0.5823457244989337,1.252392407848645
689,0.22339400610027493,1.5511433414879345
690,0.5825395101147781,-0.02567646157068404
691,-0.06991240356005957,-0.7766898671121194
692,0.2227901883749201,0.2731963266392674
693,-0.5706971094610624,0.5357568898256817
694,0.9999964068540366,0.16964179145895197
695,0.7653247348322525,-0.001692624407095611
696,-0.312150253981462,-0.397916600254941
697,0.7960299122712228,0.7505445418764785
698,1.7454534192413929,0.7325427920001915
699,0.40539227982993387,-0.3442049050443571
700,0.9720955288234712,1.2210914349925357
701,-0.1631886119678423,0.23833088400995345
702,0.5441231976487699,-0.28905700123461364
703,0.7463710897232365,1.8024769428048153
704,0.9579914659650338,0.5481295077621319
705,-0.16270550668247064,0.10266990774173401
706,-0.42193201724527896,1.1894389020859977
707,0.6171041254864179,1.1933908716662462
708,0.5605960887399437,0.5853165119005241
709,-0.2374591725336741,-0.012573295201445789
710,-0.003998258446038072,0.6933257588455717
711,1.2241788708193937,0.32204568827588814
712,2.0181824941300768,0.17301053788729726
713,0.1861604895152762,-0.9368498510220422
714,0.9207491200795133,0.48915049724946397
715,0.2129368410958417,0.6954315589838026
716,0.5357603792011778,-0.1520772060233314
717,0.6610611148686041,0.6974844637421427
718,0.14556366275069355,1.29036545503301
719,0.1596886978219445,0.5745315657976873
720,-0.10533152845801308,0.6764671402827027
721,1.1566376613288494,-0.12836979065812626
722,0.7828934958916371,0.037929219848612306
723,0.7054512407783071,0.9960385762685708
724,0.10373222695790196,-0.0784706950856836
725,-0.1585799608422399,1.0655952399029784
726,-0.5025613918383944,1.474162871505031
727,1.1683351305492045,-0.5048246862463144
728,0.18320870096106068,0.3021086853707706
729,-0.19339541181436015,0.16982851540140742
730,1.2778361371900193,0.05351474233053677
731,1.1549466694389474,0.24335020365242044
732,0.7291464387482373,1.0215864622081687
733,-0.25720820261571997,-0.12700231000178097
734,1.0812665035920508,1.2532477837822351
735,0.3874783378028975,-0.322702643104983
736,0.7574254111413905,0.5697144365332584
737,0.8011147976539092,1.1435051226352346
738,0.5818677314315871,0.7328737570827466
739,1.3039764396937326,0.7379725665375969
740,0.5133117329638114,0.001377138041930237
741,0.04800892982908356,-0.48635069183120716
742,0.2032919416058751,0.7835534117462502
743,2.1093891143570067,0.43619076700373705
744,0.8955055073615301,1.751859156836419
745,-0.10840223816268324,1.8319408440639702
746,0.8904427872908213,0.8448494855205527
747,-0.870695842397823,0.6077218866392085
748,-0.7833528672886436,0.02763885526229487
749,-0.03362731371878713,0.2621162993220292
750,1.8217909244608046,-0.9247068215266987
751,2.3176416165538165,-0.18386748667779673
752,2.167257093642506,-0.5354326518785771
753,1.5166775627868971,-0.5560969600884474
754,1.6353743901661284,-0.20385406982580379
755,2.4854778641020667,-0.1011292789849938
756,2.6949943668152274,-0.6397461848383439
757,2.059245662415803,-0.4952014785514466
758,1.27278965414357,-0.9451027843233029
759,1.982078149913179,0.31125355289323553
760,1.396934679756987,-0.8427433133425449
761,2.3022540496620407,-0.626820221056802
762,1.9007034721001115,-0.11239334308636317
763,0.9250231187571469,-0.8848173942322064
764,2.439684635900943,-0.56102350202467
765,2.3408700547488377,-0.9500000723481896
766,1.9078426241549025,-0.6581672591688179
767,2.537081607279644,-0.676091285187551
768,1.9201990629800383,-0.8180319948510117
769,3.095364197925539,-0.6891505136948143
770,1.6143689725647505,-0.09305601875803199
771,1.4588069030310074,-1.2456127573665103
772,2.1284146177980787,-0.1619431616647921
773,2.31919029760171,-0.045844261787263696
774,1.4289477747499872,-0.5223510067583567
775,2.0843323420889646,-0.5067533280366364
776,2.524937261766049,-0.34485487441239504
777,2.005569473077249,-0.33013967775682407
778,1.8257664689065698,-1.0334260774570705
779,1.4825092833581308,-1.1387408770890126
780,2.17535712833213,-0.658806093299129
781,2.7412256553783587,0.636582775670169
782,1.7775283399466715,-0.8482851683853846
783,1.8586870904793151,-0.410577876911799
784,2.7234711831631557,-0.01312836688176
785,1.9728502537009336,-1.0880850290321549
786,2.189646414974883,-0.9170354114605714
787,1.8273221223099163,-0.6886172331372894
788,2.3650942252296323,0.385981499756724
789,2.4656840471302113,-0.3966718584895931
790,1.6654767644544581,-0.3208369965819846
791,2.3796340650515413,-0.09278186752804984
792,1.6789369582214082,-0.5110967910932595
793,2.0137343992657533,-0.6504054402992792
794,2.3012619563719126,-0.16021332796059012
795,3.068471480543535,-0.7379961728956289
796,1.6287951396974578,-0.46695290992270166
797,3.140942446576706,0.18937714763666846
798,1.3001326124720292,-0.27972744079332734
799,2.154733038087537,-0.6708397747940889
800,1.7634037736602817,-0.12173279956435135
801,2.42888561619403,-0.42852391459485606
802,2.400136519486227,-0.5262049951061226
803,1.589200843436065,-0.18422086162043383
804,1.9312998940831339,-0.6815560229397695
805,2.4625581094794153,-0.7365220725303038
806,1.6753779803934779,-0.859431872346256
807,1.3558990118491316,0.2839001280831577
808,2.052399085415745,-0.7838120931620115
809,1.9083273195401196,-0.07807214561350051
810,2.277739291642776,-0.8654781743689439
811,1.7933857239067874,-1.0054173948991374
812,1.0329688016316942,-0.9840190195872829
813,1.8868030587151101,-0.0403090082590552
814,1.7830336830783362,-0.33559433552254314
815,2.0015148885027227,-0.8769873142510634
816,2.018939538074737,-0.020447981470715693
817,2.219916468879212,-0.460600611685274
818,2.2751977537534347,-0.03536298507209129
819,1.439895150112451,-1.5375200827857507
820,1.6748377286520808,-0.1935980391216376
821,1.9296915694445356,-0.36800161305184664
822,2.3156908657029494,0.007235622623331772
823,1.8520647343900096,-0.20710341004984073
824,0.9610833261155187,-0.3808286067613711
825,1.7026587662537696,-0.6516406916068771
826,2.003685667531311,-0.6542551000859477
827,1.9349595345032757,-0.6971479922407573
828,1.6401315787816344,-0.27062088989724614
829,2.1349476643797747,0.14471685413561375
830,1.516284453150916,-1.0365173973201478
831,2.957703996829106,0.18587774055667572
832,1.5027896262860985,-1.0074372820767017
833,2.4998991940709483,-0.22584301336973106
834,1.5521759212780126,-0.703317393906127
835,2.1745624361582623,-0.48948642796654135
836,2.357984466266454,-0.5545299088689009
837,1.4464407336512712,-1.1977053622879656
838,1.1884199211788198,-0.6312268573491401
839,1.7098690876842855,-0.9831573842571693
840,1.8490463104410413,-0.6617742936883422
841,2.277473285348193,-0.07746883403930493
842,2.191066962760235,0.22221333237532215
843,2.134964838993444,-0.27507382803412894
844,1.9481759912234358,-0.6676098329595868
845,1.8789661536534323,-0.8334172181408042
846,1.9635182138717724,-1.1384221984012597
847,1.5174956947676101,-0.11538889614439984
848,2.538975038638916,-0.26412172646151627
849,1.7608086384848272,-0.6588799471276758
850,1.754815978810624,-0.5264128858437336
851,1.5060370041545061,-0.49769013959851616
852,1.8952247682570007,-0.7126689349068447
853,1.3146868100495206,-0.335660158820573
854,2.2692802062193964,-0.6665425480424352
855,1.5981475470754187,-0.9556885460867399
856,2.651982049280917,0.5309605444239613
857,2.2275755722413253,-0.3129121424503312
858,1.8288275474759839,-0.5859784057884292
859,1.8226082055152744,-0.8721472200584923
860,1.8593113803233428,-0.7567614225590292
861,1.5762595786123006,-0.648539716308459
862,2.1194608680300155,0.10512683485330454
863,2.0268905330397207,-0.11173503361918857
864,1.4467198695478947,-0.23121939916322598
865,2.1646576129972788,-0.4915616073632661
866,2.0753142414014163,-0.5602718793627964
867,2.051601872906321,-1.1712342057373302
868,2.6468574380769327,-0.33067854576785805
869,1.2494426738198507,-0.48554776931747723
870,2.078202693305152,-0.497296676521151
871,1.7130650272682857,-0.2673271994889172
872,2.305861399565089,-0.08753675061042016
873,1.5102595193477377,-0.765644355229397
874,1.7027346444575313,-0.3495839332243338
875,2.8953798356975637,0.6985348946456635
876,2.662664382713015,-0.6560195371306646
877,1.494852696064397,-0.39082852696403514
878,1.8401643546538895,-0.23369719303108993
879,1.081543505454675,-0.8304088739831408
880,1.1988997171365592,-0.969210779261817
881,2.3289951225823016,-0.8874257680242403
882,2.283855262757591,-0.593256079026861
883,1.1985267642437176,-1.3801317623315787
884,1.8289671045727465,-0.42440113754254966
885,1.6040879099610676,-0.13786221969195073
886,2.197635510968549,-0.21533338926370676
887,2.582723628037688,-0.5076083853462069
888,2.2452188296669733,-0.27134452950684906
889,2.32109807460901,-0.488562001399981
890,2.5632473825988473,0.026081440657485966
891,2.4128220147807005,0.252729375083513
892,2.293989644332955,-0.8578472023691118
893,2.2879434458522736,-0.5484311246702159
894,1.5766504118834945,-0.32388192456097276
895,2.7005305614045705,0.25197178783634977
896,1.9119029603448088,-0.2878646302625618
897,2.0855747552130945,-0.7507161533395234
898,2.301565850703886,-0.554427734828137
899,1.5784987976664278,-0.9119703433049611
900,1.2772361839373894,-1.2498921567146006
901,2.6128415890986947,-0.5641120669817226
902,3.0525765591186116,-0.1558705717135898
903,1.7827879195507073,-0.48970333368983443
904,2.4122558743407465,0.31252917688894677
905,2.154264825494977,-0.2800873438206969
906,1.1750502681184947,-0.9238709968475582
907,2.3032781124333477,-0.5952751669762322
908,2.9942020921531687,0.17258695053903683
909,2.30251044275666,-0.6389696629845691
910,2.033651001312753,-0.4319797917883145
911,2.232431342910936,-0.5582586483433751
912,1.8358593929755176,-0.46649874013295994
913,2.106815675488787,0.23780381804242823
914,2.033968115621572,-0.45760207672744413
915,1.673561021022876,-0.7221415543861833
916,1.5666488538819647,-0.8049453158432036
917,2.1563613296110757,-0.18196937909559396
918,2.418688567184021,-0.032762056469242296
919,2.0594062640485644,-0.5336664239764395
920,2.470576603029174,-0.8710118747959892
921,2.1917594919014163,-0.2667190060354274
922,2.1678830329906384,-0.7917072617887855
923,1.7034760452175053,-1.183889122984132
924,1.5290072774749353,-0.7799455959751185
925,1.853311177181877,0.14725434459601672
926,2.2567644356818026,0.16782267848072385
927,1.7624313720290432,-1.0374791028870567
928,1.5166126086859293,-1.095211592150101
929,1.8299797054122746,-0.5536008290836875
930,1.8707153103461018,-0.26668020655299995
931,2.0836667752890263,-1.1983004953094567
932,1.8665757058841312,-1.3769133135751757
933,1.3481576469850403,-0.6479644977060242
934,2.514390348948944,-0.1693313858499806
935,2.4762953800389726,-0.11982022666500813
936,1.9449637703184386,-0.20636143977597893
937,1.180435217186654,-0.695396007608887
938,2.2645101736780697,-0.329056692736459
939,2.8321908332559014,-0.028205216687649304
940,1.2650592676717625,-0.5124301289812588
941,2.6105402981905774,-0.1544177733504073
942,1.947580966117017,-0.4271271547278319
943,2.2187351627656176,-0.09161897282812942
944,2.186748816009653,-0.31971443601296184
945,1.7869889573319129,-0.710138916294667
946,2.1935210259107873,-0.35549796860492877
947,2.1169598084665013,-0.5485141545817275
948,1.7427629095487496,-0.042300341394001795
949,1.8488282396686184,-0.7833145757566735
950,1.8047150269572745,-0.844573587304472
951,1.4629962746494347,-0.8716947115291693
952,1.9414453935951719,-0.3583295102470261
953,2.8603505831233393,-0.14355514794020174
954,2.4304421189598284,-0.005631785679003187
955,0.8300659454847743,-0.6720662934968369
956,1.6408916417959651,-0.6351238997778356
957,2.8188922115745,0.07620111041182431
958,2.443933078491038,-0.33371840818035703
959,2.1706844832414536,-0.5404408414121311
960,2.599341702898884,0.43381733764850083
961,2.3619743621894242,-0.031031187499338975
962,1.4022918805654059,-1.508869408285219
963,3.043928631868882,0.41602365547370956
964,1.1357003637603031,-0.4885000299995157
965,2.3651371875122087,0.08726783301785002
966,2.203904737225359,-0.3434768072402967
967,1.311924607780539,-1.86022415671081
968,1.7971476792079215,-0.49369357585607965
969,1.5575670654159437,-0.898613536221913
970,1.9682678210755937,-0.7068827429335133
971,1.9725077095907002,-0.6809725418823088
972,1.841913625869695,-0.8233811414463261
973,1.8604930095181098,-0.6525937186043949
974,1.5753745991327397,-0.9476093727793983
975,2.4045182963785248,0.4688667479515317
976,2.496975209198296,-0.29539798572568604
977,1.9233649264615666,0.038032327900594076
978,2.125521164610007,1.0287649681228137
979,1.5410732178622197,-0.8590913046945725
980,1.9574085227559792,-0.4148878127172639
981,1.653895560322497,-0.5575552576121658
982,1.7647844663332701,-0.6951538351152343
983,2.110254576084601,-0.45739689300117065
984,1.8219689516392583,-0.17099364687048624
985,2.4276073566953884,-1.3873744167800364
986,1.7024263846664907,-0.710484941519346
987,2.0941212373763025,-0.5796294969476601
988,1.3527596576447658,-0.7234936263979161
989,2.2083145751729245,-0.10964610794563107
990,2.6848130350570236,-0.4321709648352874
991,2.049889494601833,-0.06443641987817955
992,1.5161268694803645,-0.7544143549993189
993,1.6037506354634092,-0.6654074168369005
994,2.151863936429144,-0.15497442938973177
995,1.5213380550345534,-0.6413326073050734
996,1.3811542761129192,-0.8020826136738402
997,1.624591826612387,-0.3968224375849867
998,2.2074648063171156,-0.6869215272387036
999,2.2297208586077404,-0.6034097314735798
