gelu_input,gelu_output
-0.382577,-0.134297
-0.127168,-0.05715
3.117087,3.114606
1.162846,1.020256
-4.225132,-2.3e-05
-1.439085,-0.108251
-1.540868,-0.095238
0.827366,0.658478
-2.563577,-0.012821
1.376024,1.259644
-0.024319,-0.011924
2.534443,2.520621
2.56976,2.557143
0.984474,0.824408
-1.424281,-0.11016
-2.099751,-0.03735
-1.176905,-0.140986
3.279045,3.277631
-2.017446,-0.043917
1.790467,1.724703
2.225702,2.197016
1.087001,0.936249
0.691725,0.522507
-1.919147,-0.052715
1.035624,0.87992
-1.042844,-0.155041
-0.516144,-0.156347
0.142674,0.07943
1.939688,1.888897
0.455157,0.307447
1.742884,1.671883
-2.473641,-0.016111
2.354388,2.33292
-2.08092,-0.038788
0.44977,0.302936
-2.80974,-0.006502
-0.09622,-0.044422
0.478719,0.327396
-0.384409,-0.134679
-0.021973,-0.010794
-1.949571,-0.049881
2.075292,2.036067
1.952302,1.90267
0.210334,0.122686
1.297988,1.171664
-3.210722,-0.001801
3.73487,3.734636
-2.477411,-0.015961
-0.800934,-0.16955
3.022784,3.019402
0.139999,0.077793
0.140983,0.078395
2.480719,2.464889
-1.457095,-0.105931
-2.958601,-0.004145
2.826724,2.820538
-0.501009,-0.15442
-2.081344,-0.038755
1.175438,1.034284
1.333828,1.212043
-2.173745,-0.032061
2.908015,2.903168
0.440114,0.294898
-3.353614,-0.001077
-0.732223,-0.169952
-0.7436,-0.170024
-3.956572,-8.6e-05
-2.672055,-0.009599
-2.732505,-0.008115
2.835873,2.829852
-1.071735,-0.152277
0.360448,0.23095
0.370216,0.238558
-3.901807,-0.000111
-1.709649,-0.074779
5.976805,5.976805
0.655956,0.488035
-1.062928,-0.153137
-2.485597,-0.015639
-1.813202,-0.063337
1.306207,1.180918
2.064865,2.024821
3.617149,3.616764
-2.295356,-0.024584
0.632146,0.465444
1.474782,1.371124
1.179156,1.03843
1.369376,1.252142
2.887912,2.88276
0.605581,0.440589
1.532849,1.436597
1.240025,1.106521
1.229324,1.094524
0.262391,0.158349
-1.724908,-0.073033
2.831055,2.824948
0.686464,0.517398
-2.989499,-0.003761
0.321795,0.201503
-2.159647,-0.033025
0.613068,0.447556
-2.72965,-0.008181
0.553537,0.393015
2.133618,2.09876
2.737458,2.729455
0.360083,0.230667
1.619608,1.534147
0.87045,0.703193
-1.451594,-0.10664
-1.235152,-0.134095
3.819049,3.818887
2.510149,2.495446
-0.356173,-0.128532
2.178974,2.147265
1.357211,1.238415
-2.044334,-0.041691
-0.082763,-0.038652
-0.43869,-0.144973
-0.988851,-0.159718
-0.933701,-0.163741
1.966889,1.918577
-0.24664,-0.099297
1.564541,1.472277
-2.744913,-0.007835
3.575209,3.574753
-1.448082,-0.107092
0.497341,0.34341
0.664949,0.496643
-1.936411,-0.051095
1.664078,1.583968
2.628631,2.617833
2.925739,2.921149
-2.444699,-0.017302
-0.718096,-0.169781
-0.459764,-0.148444
-1.53573,-0.095887
-1.410926,-0.111883
2.683012,2.673697
-1.07845,-0.151612
-4.264793,-1.9e-05
1.054167,0.900189
-0.297169,-0.113868
1.631986,1.548028
1.069896,0.917438
0.499988,0.345704
1.278418,1.149644
0.303453,0.187904
-1.849514,-0.059567
3.518245,3.517672
-0.239218,-0.096996
0.21106,0.12317
-1.525629,-0.097166
-1.48567,-0.102261
-0.729241,-0.169923
0.476773,0.325735
-0.515548,-0.156274
4.269756,4.269738
0.910127,0.744929
-0.826997,-0.168899
2.772799,2.765563
2.4145,2.395882
2.150664,2.117015
2.169554,2.137209
-3.896509,-0.000114
-0.035296,-0.017151
-0.145485,-0.064328
1.006801,0.848563
-1.101428,-0.149271
0.371714,0.23973
-1.834533,-0.061107
0.142544,0.079351
-2.611463,-0.011305
0.242858,0.144728
1.672914,1.593851
1.459859,1.354283
0.03785,0.019496
-0.710873,-0.169659
-0.561731,-0.161327
3.019135,3.015714
-0.07998,-0.037441
2.996211,2.992529
-0.354641,-0.128182
-0.602932,-0.164801
-1.866778,-0.057822
-0.970773,-0.161126
2.45081,2.433765
-1.621591,-0.08522
1.805004,1.740797
-1.370551,-0.117083
0.495014,0.341397
3.101529,3.098916
-1.509641,-0.099199
0.075024,0.039755
-1.833715,-0.061191
3.173333,3.171283
1.4249,1.31482
1.077145,0.925403
-2.134558,-0.03479
0.511662,0.355871
3.14751,3.145271
-1.120106,-0.147301
0.491794,0.338617
2.380229,2.360025
1.999452,1.954002
-0.190975,-0.081026
3.147441,3.145202
5.076068,5.076068
-0.919128,-0.164661
5.074105,5.074105
1.748884,1.678555
-0.482347,-0.151848
-0.480971,-0.15165
1.510579,1.4115
0.343895,0.21821
-0.111725,-0.050893
-0.041524,-0.020074
-0.474557,-0.15071
-1.891188,-0.055406
0.026172,0.013359
-2.58571,-0.012101
-1.531868,-0.096376
0.759011,0.588979
0.048912,0.02541
-2.110592,-0.036539
0.007509,0.003777
-1.766228,-0.068406
-1.073834,-0.15207
2.472538,2.456382
-0.871852,-0.167193
-0.235488,-0.095825
-0.887453,-0.166437
0.451827,0.304657
-2.642667,-0.010398
0.867838,0.700463
-1.553491,-0.093649
-1.722672,-0.073288
-1.277572,-0.128879
1.261745,1.130903
-3.769092,-0.000202
-0.598494,-0.164472
0.095589,0.051434
-5.167643,-0.0
-0.543851,-0.15952
-2.592629,-0.011883
-2.382042,-0.020118
2.923732,2.919113
-0.643989,-0.167345
0.873868,0.706768
-1.449745,-0.106878
0.489673,0.33679
-2.002888,-0.045154
-3.33823,-0.00114
0.759327,0.589296
3.080185,3.07738
2.363755,2.342752
2.370329,2.349647
-2.452985,-0.016955
-1.863264,-0.058174
1.065491,0.912602
-0.682258,-0.168936
-0.373183,-0.132301
0.980402,0.820015
-0.766098,-0.170001
0.642926,0.475636
-3.569761,-0.000467
-1.671199,-0.079266
-1.705028,-0.075312
-3.156216,-0.002174
0.412674,0.272388
1.714733,1.640538
-1.037345,-0.155547
2.348076,2.32629
0.87257,0.70541
-0.849563,-0.16813
-0.810361,-0.169344
-0.242086,-0.09789
-3.752399,-0.000217
-1.429783,-0.109451
3.656187,3.65586
1.758908,1.689694
-1.555397,-0.09341
0.173004,0.098383
-0.822647,-0.169025
-0.285342,-0.110627
-1.376306,-0.116343
1.127909,0.981448
7.063684,7.063684
1.533424,1.437245
3.067749,3.064827
1.787719,1.721658
0.096458,0.051935
-1.842945,-0.06024
-0.858298,-0.167784
0.041044,0.021194
-1.90943,-0.053641
1.10146,0.952193
-2.175198,-0.031963
-0.057743,-0.027542
0.495171,0.341533
-0.608429,-0.165194
-3.361266,-0.001047
-0.275754,-0.107923
-0.473499,-0.150553
0.50614,0.351051
1.884029,1.827921
-0.403321,-0.13849
0.300971,0.186082
0.70782,0.53822
2.531906,2.517994
-3.912999,-0.000106
2.363254,2.342226
-4.607115,-3e-06
2.552993,2.539815
-2.764508,-0.00741
-2.684458,-0.009278
-2.17853,-0.031739
0.568717,0.406734
1.923418,1.871107
1.734118,1.66213
-2.877449,-0.005318
1.698222,1.622122
0.039231,0.020229
-0.079277,-0.037134
-1.087596,-0.150691
-2.113118,-0.036352
0.367714,0.236603
-0.19124,-0.081118
-0.587816,-0.163636
1.650479,1.568748
0.192015,0.110626
1.775732,1.708369
-1.479632,-0.103035
-2.171101,-0.03224
-3.124685,-0.002418
2.165575,2.132958
5.617732,5.617732
0.980583,0.820211
-1.719537,-0.073645
0.540356,0.381211
-2.201076,-0.030252
-0.464391,-0.149168
-1.825131,-0.062084
-3.184205,-0.001975
-0.54077,-0.159189
3.313103,3.311853
0.019719,0.010015
0.549078,0.389011
1.72665,1.653815
3.841592,3.841446
-1.578882,-0.090476
-0.437059,-0.144692
-2.457996,-0.016747
0.70293,0.533433
-1.566636,-0.092002
1.469069,1.364677
-0.459458,-0.148396
-0.574508,-0.162506
4.766716,4.766715
0.291673,0.179298
-0.368759,-0.13134
2.285964,2.260854
-1.631034,-0.084073
0.886751,0.720278
-1.877777,-0.056725
-0.048407,-0.023269
-2.367846,-0.020803
-0.777199,-0.169911
1.563202,1.47077
-0.240983,-0.097547
-1.822705,-0.062338
-2.872931,-0.005391
0.400772,0.262781
1.485739,1.383486
3.182938,3.180955
-1.464479,-0.104981
-1.89928,-0.054618
2.999581,2.995939
-1.825741,-0.062021
0.496008,0.342256
-0.682787,-0.168952
-0.593836,-0.164115
0.874847,0.707793
-4.425149,-8e-06
1.168788,1.026873
0.535959,0.377297
0.705006,0.535464
-0.928084,-0.164103
3.598538,3.598123
1.092511,0.942321
-0.047788,-0.022983
-2.436971,-0.017632
-1.867039,-0.057795
1.314651,1.19043
-2.244942,-0.027506
-0.539732,-0.159077
0.256551,0.154247
2.147972,2.114134
-0.453164,-0.147388
-0.848546,-0.168169
-1.816866,-0.062951
-4.60422,-3e-06
1.997647,1.952042
0.908646,0.743362
-1.506173,-0.099641
-1.06248,-0.153181
-0.79844,-0.169598
-2.391867,-0.019654
1.05961,0.906152
-1.204004,-0.137825
2.484751,2.469079
-1.754424,-0.069712
0.173387,0.098627
-2.002579,-0.045181
-0.409545,-0.139692
1.395509,1.281638
-2.619646,-0.011061
-0.215907,-0.089501
-1.090976,-0.150347
3.387946,3.386998
-4.342893,-1.2e-05
-0.092586,-0.042878
-2.808926,-0.006517
0.710787,0.541129
-0.472694,-0.150433
1.296954,1.1705
-0.319518,-0.119716
-0.161544,-0.070406
-0.986115,-0.159936
-2.526769,-0.014095
-1.444929,-0.107498
-4.118946,-3.9e-05
-3.576609,-0.000454
0.297873,0.183815
-0.728248,-0.169913
0.718008,0.548228
-1.056875,-0.15372
3.173033,3.170981
3.350641,3.349552
0.850555,0.682463
1.953937,1.904454
0.144893,0.080793
1.413572,1.30203
-2.283808,-0.025231
0.959248,0.797268
-5.620579,-0.0
-1.221239,-0.135773
3.086886,3.084143
-0.984618,-0.160055
1.080283,0.928855
-1.070702,-0.152379
0.770627,0.600656
-0.684277,-0.168999
-1.592904,-0.088738
-0.950142,-0.162628
-2.97276,-0.003965
1.649539,1.567695
-2.692133,-0.009083
-1.232327,-0.134437
-0.570733,-0.162167
0.56644,0.404668
0.463468,0.314443
-0.099491,-0.045803
0.308235,0.191426
2.066012,2.026058
-0.127414,-0.057248
0.734787,0.564814
-0.273976,-0.107414
-1.282754,-0.128233
1.197906,1.059362
-0.64154,-0.167218
-2.337003,-0.022353
-0.290542,-0.112064
-2.000283,-0.045378
0.954778,0.792477
-0.230571,-0.094264
0.148858,0.083236
-2.043294,-0.041776
0.708451,0.538838
-0.842023,-0.168407
2.632392,2.621702
0.299526,0.185024
-1.570618,-0.091505
-0.058466,-0.02787
-0.932737,-0.163804
1.622017,1.536849
-1.769349,-0.068062
-1.130066,-0.146227
-0.328872,-0.122057
2.590277,2.57832
-1.113422,-0.148012
-1.788621,-0.065963
0.798519,0.628922
-0.669874,-0.1685
0.561063,0.3998
2.279524,2.254049
0.517207,0.360729
1.721326,1.647885
-2.900795,-0.004955
1.81021,1.746556
-2.07653,-0.039129
1.459614,1.354007
-3.329443,-0.001178
-0.490918,-0.153056
-2.663656,-0.009822
0.279681,0.170642
-0.646769,-0.167485
-2.770413,-0.007286
3.528452,3.527901
-3.539384,-0.000527
-2.296438,-0.024524
-2.256968,-0.026786
-0.5284,-0.157807
1.753448,1.683628
0.128371,0.070742
2.350217,2.328539
-1.838216,-0.060726
-3.433238,-0.000798
1.318214,1.194444
3.76754,3.767337
-0.343151,-0.125509
1.362878,1.244809
-0.270855,-0.106516
-2.335848,-0.022412
1.744639,1.673835
-3.50778,-0.000598
0.11774,0.064388
-3.365749,-0.00103
3.853723,3.853584
-0.082271,-0.038438
0.715237,0.545501
-2.426939,-0.018067
-2.645203,-0.010327
0.147456,0.082371
2.846501,2.840667
-1.330753,-0.122176
0.408793,0.269245
0.214889,0.125725
2.158772,2.125687
2.682199,2.672863
-3.023114,-0.003378
1.117546,0.969972
0.433949,0.289797
-0.49125,-0.153102
-2.906598,-0.004868
1.652866,1.57142
-1.648364,-0.081985
-3.974237,-7.9e-05
0.281099,0.17166
-0.582603,-0.163205
-1.223962,-0.135446
0.956773,0.794615
-0.610129,-0.165312
0.221163,0.129936
-0.924066,-0.164356
-0.226567,-0.092979
1.155655,1.012254
-0.45975,-0.148442
0.419502,0.277943
-0.458449,-0.148236
0.862425,0.694814
0.655286,0.487395
0.648996,0.481401
0.256107,0.153936
4.254044,4.254024
0.606117,0.441087
2.194122,2.163417
0.26236,0.158327
0.895325,0.7293
2.431852,2.413999
0.961509,0.799694
0.88112,0.714366
-0.895596,-0.166011
-0.392413,-0.136322
1.547068,1.452611
-0.191203,-0.081106
-0.860363,-0.167698
-3.184045,-0.001976
-2.050211,-0.041215
-0.876332,-0.166985
0.853003,0.685006
-0.900326,-0.165754
-0.317973,-0.119323
-3.068744,-0.002912
0.320762,0.200731
-0.78739,-0.169784
-2.209333,-0.02972
-1.49808,-0.100674
-0.560477,-0.161206
2.202382,2.172215
-2.06655,-0.039911
2.675258,2.665742
-0.164421,-0.071474
-3.716912,-0.000253
-4.096432,-4.4e-05
-2.328634,-0.022788
-2.29765,-0.024457
-3.132753,-0.002354
1.097729,0.948075
-0.694238,-0.169286
-1.708268,-0.074939
0.360781,0.231208
-0.731953,-0.169949
-2.132925,-0.034908
-1.02853,-0.156345
3.234369,3.232711
-3.690083,-0.000283
3.771944,3.771745
-0.654311,-0.167846
0.749054,0.579016
-5.17147,-0.0
0.909548,0.744317
-2.999807,-0.00364
-4.0138,-6.6e-05
0.680874,0.511983
-0.293067,-0.112756
3.53085,3.530305
-1.512178,-0.098876
-1.505868,-0.09968
1.573877,1.482778
-1.909858,-0.0536
2.24053,2.212757
-1.474774,-0.103659
0.867872,0.700499
0.651327,0.48362
0.101707,0.054973
-1.215145,-0.136502
-1.569464,-0.091649
0.682539,0.513594
0.722592,0.552747
1.104086,0.955092
-0.310758,-0.117467
-0.069606,-0.032872
-1.94029,-0.050735
0.816822,0.647638
-0.719761,-0.169806
0.693738,0.524465
-2.147618,-0.033863
-0.49262,-0.15329
0.055113,0.028768
1.080897,0.92953
-1.004279,-0.158451
-0.043605,-0.021044
-0.534782,-0.158531
-0.781829,-0.169858
-1.156066,-0.143355
-1.340695,-0.120909
2.332363,2.30977
-1.743538,-0.070928
-0.105659,-0.048384
0.852912,0.684912
-0.604813,-0.164937
-1.163576,-0.142508
-0.311143,-0.117567
-2.807911,-0.006536
0.406497,0.26739
2.577248,2.564875
-1.572994,-0.091209
0.121462,0.066602
3.519828,3.519258
2.696517,2.687543
1.308635,1.183653
-0.656731,-0.167956
0.598956,0.434449
-1.326495,-0.122718
-1.096495,-0.149781
1.201668,1.063567
-0.287619,-0.111259
-0.694723,-0.169299
3.3403,3.339168
-0.912632,-0.165051
-1.252094,-0.132029
-4.279584,-1.7e-05
-1.516332,-0.098347
-0.490739,-0.153031
-0.005041,-0.00251
-2.838478,-0.005975
1.305201,1.179785
-0.595212,-0.164222
1.605944,1.518812
-0.360952,-0.129611
-0.350577,-0.127247
-2.012895,-0.044301
-0.419423,-0.141545
1.646659,1.56447
0.496313,0.34252
1.64919,1.567304
-5.08177,-0.0
4.037646,4.037587
-2.384018,-0.020024
1.453194,1.34676
0.964925,0.803361
0.512411,0.356526
2.889888,2.884766
3.263543,3.262048
-0.247806,-0.099654
0.770501,0.60053
-1.495116,-0.101053
2.28231,2.256994
-1.479032,-0.103112
-0.963465,-0.161672
0.076774,0.040736
2.763729,2.756302
-2.965532,-0.004056
1.266946,1.136747
-1.613132,-0.086252
-1.665049,-0.079994
-1.733374,-0.072072
-0.166679,-0.072307
-2.72166,-0.008366
1.621707,1.536501
-5.462604,-0.0
-0.401718,-0.138177
1.647541,1.565458
-2.341372,-0.022128
-1.284559,-0.128008
-0.364586,-0.130421
0.349983,0.222873
-0.161982,-0.070569
-2.044786,-0.041654
1.465608,1.360772
-0.417667,-0.14122
1.562039,1.469462
1.411269,1.29943
0.026866,0.013721
-3.16099,-0.002138
-0.450187,-0.146902
0.159705,0.089984
2.801846,2.795193
-2.970261,-0.003996
-1.132784,-0.145932
-0.620679,-0.16601
1.891915,1.83658
1.894444,1.839356
4.682622,4.68262
-0.048397,-0.023264
-2.839296,-0.00596
0.510967,0.355263
-1.556888,-0.093223
-2.146891,-0.033914
-2.151101,-0.033619
-0.217761,-0.090112
1.129874,0.983626
-0.103576,-0.047516
-2.885244,-0.005194
2.842359,2.836453
0.143894,0.080179
1.55034,1.456295
-4.172389,-3e-05
-4.594103,-3e-06
-0.044065,-0.021258
-1.79654,-0.065111
2.42893,2.41095
0.922414,0.757955
-1.338751,-0.121157
3.436116,3.435326
-0.558596,-0.161023
-1.349394,-0.119797
-0.791221,-0.169725
2.35892,2.337678
2.775045,2.767855
-0.699003,-0.169406
-1.858997,-0.058605
-0.041745,-0.020177
0.38478,0.250023
-0.260943,-0.103614
-1.169484,-0.141836
-3.123033,-0.002432
-0.269555,-0.106139
-1.112488,-0.148111
4.270271,4.270253
-2.788692,-0.006912
-1.11197,-0.148166
3.048971,3.045864
-0.08475,-0.039513
1.689919,1.612852
-1.108761,-0.148504
0.797286,0.627666
-1.129651,-0.146272
-0.498859,-0.154134
1.757147,1.687738
1.23989,1.10637
-1.916897,-0.052928
2.841382,2.835459
1.345823,1.225569
-1.728408,-0.072635
0.9048,0.739296
2.626151,2.615281
2.135524,2.100803
-0.081397,-0.038058
4.028646,4.028585
-2.711195,-0.008615
2.893138,2.888067
0.771928,0.601968
1.244549,1.111597
-0.532308,-0.158254
-1.677373,-0.078538
-0.070064,-0.033075
3.937665,3.937571
-0.906331,-0.165417
-1.19018,-0.139448
-0.149583,-0.065898
1.397372,1.283741
-4.786362,-1e-06
-2.530638,-0.013957
-2.438617,-0.017561
-1.107498,-0.148637
1.611874,1.525468
-1.984418,-0.046757
0.549361,0.389265
2.925793,2.921204
0.05667,0.029616
-0.955119,-0.162277
-4.507926,-5e-06
3.121035,3.118587
0.297545,0.183575
2.670287,2.660641
2.921925,2.917281
-1.400696,-0.113202
0.557372,0.396469
-0.450259,-0.146914
-0.452091,-0.147214
0.315788,0.197023
-3.005514,-0.003574
0.638277,0.471233
-1.550285,-0.094052
-2.414728,-0.018608
2.20791,2.178099
-1.083054,-0.15115
1.768447,1.700286
0.324039,0.203184
-2.458922,-0.016709
-1.504793,-0.099817
0.15343,0.08607
-6.791503,-0.0
0.885559,0.719026
-0.068327,-0.032302
1.483778,1.381274
0.241624,0.143877
-3.085387,-0.002757
1.394589,1.2806
1.58699,1.49752
0.960434,0.79854
-0.220699,-0.091075
2.566595,2.553874
1.278049,1.149229
-0.562819,-0.161431
1.464023,1.358983
-0.014437,-0.007135
-0.65501,-0.167878
1.486885,1.384779
2.838484,2.83251
1.680297,1.602103
-0.388747,-0.135575
2.171638,2.139434
-0.323506,-0.120722
4.537374,4.53737
-0.778432,-0.169898
-0.037146,-0.018023
-0.061756,-0.029357
-0.254653,-0.101734
3.391814,3.39088
0.188871,0.108582
3.38191,3.38094
-5.215895,-0.0
-2.724029,-0.008311
-2.365239,-0.02093
1.331078,1.208943
1.99424,1.94834
0.444514,0.298553
-4.08388,-4.7e-05
-1.731614,-0.072272
5.027884,5.027884
-0.544409,-0.159579
-3.106446,-0.002571
0.753801,0.583761
-3.28035,-0.001408
-0.653702,-0.167818
-1.690402,-0.07701
-1.96032,-0.048904
-0.870079,-0.167274
0.248333,0.148517
-0.690731,-0.16919
-0.360165,-0.129435
5.333453,5.333453
-0.95538,-0.162258
0.352156,0.224544
4.742883,4.742882
0.207546,0.120834
2.520193,2.50586
0.29168,0.179303
-1.140373,-0.1451
2.045215,2.003595
1.101379,0.952103
1.640791,1.557896
1.17291,1.031466
0.556973,0.396109
-1.492705,-0.101361
0.744407,0.57438
0.253275,0.151957
-0.442411,-0.145607
1.296433,1.169913
0.709322,0.539692
-1.829916,-0.061586
-2.021752,-0.043555
-2.535498,-0.013784
1.669808,1.590378
1.283316,1.155153
0.857391,0.68957
-0.881977,-0.166712
-1.310375,-0.124762
0.72884,0.558921
0.332981,0.209916
1.998269,1.952717
-0.842,-0.168408
1.997026,1.951367
2.47197,2.455792
-0.026845,-0.013135
-0.499318,-0.154195
3.013817,3.010337
-2.503239,-0.014962
0.862993,0.695407
-0.80843,-0.169389
0.407311,0.268047
-1.014954,-0.157541
0.185907,0.106662
-5.531714,-0.0
-0.150569,-0.066274
-1.170384,-0.141733
-0.97163,-0.161061
-0.509525,-0.155521
-1.968835,-0.048138
-2.151927,-0.033561
2.816797,2.810428
1.063394,0.910302
-0.256996,-0.102438
-0.063328,-0.030065
-0.95445,-0.162324
-0.480037,-0.151515
-1.85733,-0.058773
2.974337,2.970392
2.259851,2.233235
0.405153,0.266306
-1.366036,-0.117663
-1.579165,-0.090441
-2.580496,-0.012268
-0.502489,-0.154614
0.258355,0.155511
-3.125948,-0.002408
-2.81358,-0.006429
-0.93297,-0.163788
2.726509,2.718256
-0.114713,-0.052118
-2.777377,-0.007141
0.501214,0.346767
-2.003983,-0.04506
0.612741,0.447251
-1.22148,-0.135744
-0.635759,-0.166906
-1.776466,-0.067283
1.183118,1.042849
-0.963665,-0.161657
-2.059138,-0.040499
-3.917397,-0.000104
0.507404,0.352153
-2.42427,-0.018184
-0.165281,-0.071792
0.136637,0.075743
2.506474,2.491634
1.16558,1.0233
1.997299,1.951664
3.272016,3.270566
-4.503699,-5e-06
1.701404,1.625673
-0.951924,-0.162503
-1.415649,-0.111274
-1.613826,-0.086167
-0.503363,-0.154729
-1.894313,-0.055101
-0.751912,-0.170041
3.002942,2.999339
0.547838,0.387899
0.229744,0.135744
0.69031,0.521131
0.809829,0.640472
-1.30861,-0.124985
1.332322,1.210345
0.18469,0.105876
-1.010332,-0.157938
-1.814089,-0.063244
-1.468179,-0.104506
-1.480095,-0.102976
0.073787,0.039064
0.518135,0.361544
0.165283,0.09349
1.919764,1.867107
-3.84431,-0.000145
-0.033835,-0.016461
0.123924,0.068073
-1.461962,-0.105305
-0.926407,-0.164209
-1.341834,-0.120763
-2.537838,-0.013702
-4.19183,-2.7e-05
-1.429652,-0.109468
2.806326,2.799759
0.043358,0.022429
0.733844,0.563879
-1.300966,-0.125949
-1.445745,-0.107393
0.536127,0.377446
1.161877,1.019177
-0.419094,-0.141484
1.064123,0.911101
0.651481,0.483767
0.544423,0.384843
0.921326,0.7568
0.387777,0.252401
0.710022,0.540379
3.49061,3.489971
-4.792741,-1e-06
3.943241,3.943149
1.286828,1.159104
-0.857811,-0.167804
-0.426153,-0.14277
0.294023,0.181007
0.611091,0.445713
1.57709,1.486391
-0.71615,-0.169751
1.149861,1.005812
-2.301453,-0.024247
-0.213719,-0.088776
0.854121,0.686168
-1.593318,-0.088687
-0.564854,-0.161624
3.671488,3.671181
1.740804,1.669569
2.823641,2.817399
-2.417764,-0.018472
-0.55691,-0.160858
-0.650905,-0.167687
2.20729,2.177439
0.540844,0.381647
-2.130728,-0.035066
4.271082,4.271064
0.763487,0.593472
1.33626,1.214785
1.63206,1.548111
0.439934,0.294748
0.138521,0.076891
-0.152052,-0.066838
2.904688,2.899792
3.126094,3.123687
-3.8797,-0.000123
-2.019179,-0.043771
1.598994,1.511007
1.165549,1.023265
0.163339,0.092266
3.854246,3.854108
-1.13292,-0.145917
2.199403,2.169043
-0.942864,-0.16313
-1.83583,-0.060973
1.371325,1.254341
-2.40151,-0.019207
0.967967,0.80663
-0.340095,-0.124782
1.774146,1.706609
-4.575121,-3e-06
-3.312162,-0.001255
-1.412873,-0.111632
-1.493872,-0.101212
3.026027,3.022681
-0.89406,-0.166093
-3.095288,-0.002668
1.451614,1.344977
0.47792,0.326714
-2.036594,-0.042324
-2.643567,-0.010373
-1.633511,-0.083773
-1.334729,-0.12167
-0.161483,-0.070384
-0.784419,-0.169825
-0.904542,-0.165518
2.027885,1.984842
5.479236,5.479236
-3.389694,-0.000942
-0.210404,-0.087671
2.312112,2.288445
-0.635587,-0.166896
0.49214,0.338916
1.095608,0.945735
-1.470963,-0.104148
-2.353117,-0.021532
3.773484,3.773286
-0.979217,-0.160479
0.360407,0.230918
-1.368195,-0.117386
3.961442,3.961358
1.016913,0.859542
-0.665518,-0.168329
3.180097,3.178094
0.085482,0.045653
0.951808,0.789297
-2.345358,-0.021924
3.485646,3.484994
-3.515066,-0.000581
-0.014362,-0.007099
0.111946,0.060962
-1.473775,-0.103787
4.584489,4.584486
0.388973,0.253352
-2.101089,-0.037249
2.306498,2.282527
1.895136,1.840115
0.504441,0.349572
-1.451042,-0.106711
2.641915,2.631496
-1.537248,-0.095695
3.816712,3.816548
-0.336162,-0.123837
-1.552351,-0.093792
-0.722982,-0.16985
-1.386466,-0.115036
-1.498391,-0.100634
-1.319413,-0.123618
5.521553,5.521553
-2.547681,-0.01336
-0.11255,-0.051232
-1.023033,-0.156834
1.29726,1.170844
-2.060334,-0.040404
-1.322278,-0.123254
-3.583253,-0.000442
3.038356,3.03514
-2.403818,-0.019102
-1.044055,-0.154928
2.312336,2.288681
-1.967284,-0.048277
2.791231,2.78437
-4.019252,-6.4e-05
-3.151325,-0.00221
-0.994543,-0.159257
-1.385912,-0.115107
-2.930679,-0.004521
-0.831212,-0.168769
-3.314769,-0.001243
0.652372,0.484616
-1.070032,-0.152445
2.369985,2.349287
-2.909045,-0.004831
-2.943878,-0.00434
0.139969,0.077775
0.33702,0.212976
0.896744,0.730795
0.602163,0.437418
0.10962,0.059594
-0.209597,-0.087401
0.930336,0.766377
3.22503,3.223317
-2.0623,-0.040248
-1.171308,-0.141627
-1.272368,-0.129527
-0.864985,-0.1675
-1.104337,-0.148968
3.126187,3.123781
3.032986,3.029714
-0.936696,-0.163544
-2.318321,-0.023334
-1.179985,-0.140631
0.335713,0.211984
0.426299,0.283503
-1.692885,-0.076721
-1.664199,-0.080095
-2.090725,-0.038034
3.494692,3.494063
2.661172,2.651283
1.541891,1.446782
1.194527,1.055587
0.416664,0.27563
1.430278,1.320891
1.549359,1.45519
-2.430602,-0.017907
-1.962979,-0.048664
-2.418588,-0.018435
1.394359,1.28034
-1.842713,-0.060263
-2.903664,-0.004912
1.506679,1.407103
1.362784,1.244703
0.720201,0.550389
-0.641358,-0.167208
-2.023048,-0.043447
-0.260609,-0.103515
-0.169054,-0.07318
1.811712,1.748217
1.761921,1.69304
-3.584187,-0.00044
1.584369,1.494575
-1.777633,-0.067156
-2.79137,-0.006859
-1.568966,-0.091711
-3.402948,-0.000896
2.42991,2.411973
-1.458722,-0.105722
2.25324,2.226232
-1.837292,-0.060822
-3.422197,-0.000833
-1.151874,-0.143825
-0.019086,-0.009398
0.038498,0.01984
3.546624,3.546112
-1.225197,-0.135298
-1.023517,-0.156792
0.933837,0.770105
-3.880267,-0.000123
0.785376,0.615564
0.789343,0.619588
-2.126294,-0.035386
-1.499287,-0.100519
-2.694074,-0.009035
-0.525656,-0.157488
-2.162592,-0.032822
0.694177,0.524893
-2.844119,-0.005875
1.068669,0.91609
-0.496245,-0.153784
3.67208,3.671774
-0.882245,-0.166699
0.197712,0.114349
-3.583713,-0.000441
1.968832,1.920694
4.040919,4.040861
4.77668,4.776679
-0.435235,-0.144376
-1.438453,-0.108333
3.101945,3.099335
-2.360907,-0.021144
0.540925,0.381719
1.533602,1.437446
-0.770723,-0.16997
1.132624,0.986675
0.153826,0.086316
-1.250382,-0.132239
-0.53261,-0.158288
0.89169,0.725472
-1.867279,-0.057771
3.41266,3.411797
-0.204754,-0.085768
-0.245167,-0.098844
-0.604104,-0.164886
-3.123785,-0.002426
-2.077374,-0.039063
1.786895,1.720745
1.768332,1.700158
3.683533,3.683242
-0.342186,-0.12528
-0.087411,-0.040661
1.788929,1.722999
1.98236,1.935422
-1.538596,-0.095525
2.595279,2.583479
2.481185,2.465373
-4.1779,-2.9e-05
-2.938659,-0.00441
3.702119,3.70185
-2.462853,-0.016547
4.206903,4.206878
2.711622,2.703017
-0.844842,-0.168306
2.478513,2.462596
0.347392,0.220885
-0.234721,-0.095582
0.32884,0.206791
3.36846,3.36744
1.125932,0.979257
-2.814062,-0.00642
4.307144,4.307129
-3.272843,-0.001446
-1.004147,-0.158462
0.13826,0.076732
-1.673334,-0.079014
-1.442792,-0.107773
0.314322,0.195933
-1.867211,-0.057778
1.046808,0.892136
-2.198543,-0.030416
2.306102,2.282109
0.590733,0.426862
1.374595,1.258031
2.490283,2.474826
2.881202,2.875944
1.199642,1.061303
2.018413,1.974578
0.521454,0.364463
-3.384468,-0.00096
-1.22273,-0.135594
0.923142,0.758728
1.424866,1.314781
2.963642,2.959562
0.311337,0.19372
-1.438172,-0.108369
2.492772,2.477411
0.268496,0.162664
1.026606,0.870089
1.827348,1.765495
1.384288,1.268972
2.101935,2.06475
-1.704694,-0.075351
1.664526,1.58447
3.361704,3.360658
0.419591,0.278015
0.016561,0.00839
1.193894,1.05488
0.291649,0.179281
1.980232,1.933107
0.704125,0.534602
0.318442,0.198999
0.022758,0.011586
-0.365252,-0.130569
0.574293,0.411806
-0.441467,-0.145447
-3.027457,-0.003331
0.734557,0.564586
0.60445,0.439539
-1.662229,-0.080329
0.939981,0.776656
3.208542,3.206727
1.603369,1.51592
-0.173866,-0.074934
-3.155976,-0.002175
1.533133,1.436917
3.551568,3.551066
0.992638,0.833226
-1.495408,-0.101015
1.538399,1.442849
0.109547,0.059551
3.20745,3.205628
-2.365729,-0.020906
-0.752819,-0.170041
0.602521,0.43775
2.723074,2.714741
-0.869428,-0.167304
-3.438255,-0.000783
-0.98735,-0.159838
3.551866,3.551365
-0.961658,-0.161804
-0.006806,-0.003385
0.508748,0.353325
1.560139,1.467324
-2.834749,-0.006041
-1.274109,-0.12931
-1.141557,-0.14497
3.434505,3.433711
2.755157,2.747546
0.301166,0.186225
-2.871722,-0.00541
-4.353017,-1.2e-05
-1.633994,-0.083715
-3.582682,-0.000443
0.380135,0.246351
0.047187,0.024481
-0.003648,-0.001819
-1.173172,-0.141414
-0.343764,-0.125654
-1.469726,-0.104307
4.443208,4.443201
1.548365,1.454071
4.468031,4.468025
2.926582,2.922004
-0.179812,-0.077077
2.98455,2.98073
3.626053,3.625682
1.09654,0.946763
-0.587658,-0.163623
1.223887,1.088432
1.778857,1.711835
1.177112,1.03615
-0.671673,-0.168568
2.423679,2.405469
3.366691,3.365665
3.974928,3.974849
3.995238,3.995166
3.971082,3.971001
-0.101684,-0.046724
-1.990895,-0.046191
-0.062923,-0.029883
-0.73026,-0.169933
0.245065,0.146253
-5.553881,-0.0
2.209547,2.179841
0.868716,0.701381
1.046613,0.891923
1.94048,1.889762
-1.154262,-0.143557
0.714572,0.544847
-0.129887,-0.058232
2.99744,2.993773
2.011328,1.966894
-1.225947,-0.135207
2.896848,2.891833
-0.680663,-0.168884
2.867753,2.862278
1.769634,1.701603
0.828956,0.660117
-1.603495,-0.087433
1.466053,1.361274
0.253776,0.152306
-0.106693,-0.048814
-0.188395,-0.080122
-2.144911,-0.034054
-1.600243,-0.087833
-2.630543,-0.010743
-0.042555,-0.020555
-3.532047,-0.000543
-3.384087,-0.000962
-1.763673,-0.068687
2.31007,2.286293
2.72922,2.721029
-3.401613,-0.0009
-1.03237,-0.156
-1.827387,-0.061849
-0.338726,-0.124455
4.057662,4.057609
-1.613772,-0.086174
3.341461,3.340334
-2.761203,-0.00748
-0.525083,-0.157421
-2.990247,-0.003752
0.876363,0.70938
-1.112112,-0.148151
-3.308485,-0.001271
-1.622486,-0.085111
-1.079967,-0.15146
0.283725,0.17355
0.369287,0.237831
0.098749,0.053258
0.455718,0.307918
-1.236985,-0.133873
0.86204,0.694413
-0.863231,-0.167576
-1.868157,-0.057683
-2.644903,-0.010335
2.577288,2.564917
4.37717,4.37716
0.954822,0.792524
-2.394053,-0.019552
1.144989,1.000398
1.306594,1.181354
-1.596479,-0.088297
-3.677044,-0.0003
-3.219861,-0.001744
3.02202,3.01863
-1.77362,-0.067594
-0.90965,-0.165225
1.899578,1.844988
0.847903,0.67971
0.351642,0.224148
1.82224,1.759853
-1.290987,-0.127203
-2.702278,-0.008832
-0.823483,-0.169002
0.292125,0.179627
-0.47274,-0.15044
-1.729589,-0.072501
-3.109152,-0.002548
0.839701,0.671212
-1.286973,-0.127706
0.694031,0.524751
0.74937,0.579331
2.459658,2.44298
-0.27482,-0.107656
0.122859,0.067436
-0.481862,-0.151778
2.048467,2.007111
2.251766,2.22467
-2.790188,-0.006882
-0.719586,-0.169804
-0.034061,-0.016568
0.922785,0.758349
-0.56077,-0.161235
-1.991132,-0.04617
2.221535,2.192588
2.496108,2.480875
-2.899924,-0.004968
-0.604613,-0.164923
1.005018,0.846629
-0.831264,-0.168768
-2.440484,-0.017481
-1.692288,-0.07679
1.727947,1.65526
-2.160393,-0.032973
-0.712743,-0.169693
3.287172,3.285799
1.635036,1.551447
3.090889,3.088182
-0.520471,-0.156873
-0.437852,-0.144829
0.946065,0.783154
1.060254,0.906858
-0.139007,-0.06182
-3.202487,-0.001853
0.798779,0.629187
1.697384,1.621186
-0.049081,-0.02358
-1.79659,-0.065106
-0.09938,-0.045756
-0.014868,-0.007346
4.347753,4.347741
-4.515231,-5e-06
-0.572918,-0.162364
-0.727139,-0.169901
-2.179151,-0.031697
2.27798,2.252417
-3.513833,-0.000583
5.340033,5.340033
-0.314544,-0.118446
1.540959,1.445732
1.978578,1.931307
-2.056343,-0.040722
-0.754209,-0.17004
3.422737,3.421906
2.915916,2.911185
-0.521928,-0.157047
1.639316,1.556244
-1.912623,-0.053335
-0.402953,-0.138419
-0.036742,-0.017833
2.350183,2.328503
0.432242,0.288389
-2.607464,-0.011426
2.749144,2.741402
-0.277128,-0.108315
1.202345,1.064324
0.185252,0.106239
-1.251193,-0.13214
3.328653,3.327472
0.632268,0.465559
-0.651317,-0.167706
-3.122844,-0.002433
-0.351777,-0.127525
0.650754,0.483075
-0.396413,-0.137127
1.146077,1.001607
-1.368903,-0.117295
0.336448,0.212542
1.268844,1.13888
3.160937,3.158798
0.334843,0.211325
-0.132028,-0.05908
3.193364,3.191451
0.268551,0.162703
-2.966189,-0.004048
0.99889,0.83999
3.972506,3.972426
0.184173,0.105542
1.310614,1.185882
1.150222,1.006213
0.016549,0.008384
-0.860915,-0.167675
-0.460412,-0.148546
-2.174063,-0.03204
1.902758,1.848476
-0.395934,-0.137031
1.942368,1.891825
0.874405,0.70733
-2.605684,-0.01148
3.09634,3.093681
-3.502071,-0.000611
-0.861388,-0.167655
0.130251,0.071875
-1.271427,-0.129643
3.650295,3.64996
-1.324573,-0.122963
1.898784,1.844117
-0.368404,-0.131263
1.258098,1.126807
-1.478941,-0.103124
0.974807,0.813988
-3.146963,-0.002243
2.917088,2.912374
-3.334873,-0.001155
3.594659,3.594237
0.837519,0.668956
-1.655774,-0.081098
-0.00927,-0.004601
0.258581,0.15567
0.651707,0.483982
-1.108606,-0.148521
2.445153,2.42787
-0.270963,-0.106547
1.279413,1.150763
1.347533,1.227498
-1.726095,-0.072898
-3.007849,-0.003547
0.598952,0.434446
-2.818425,-0.006338
2.833775,2.827717
0.361994,0.232149
-0.184494,-0.078745
-4.740701,-1e-06
-0.193304,-0.081838
-1.063379,-0.153094
0.789336,0.619581
1.506782,1.407219
0.631459,0.464797
-0.999391,-0.158858
-1.151419,-0.143875
2.092608,2.054717
1.935986,1.884852
3.588451,3.588019
-1.76216,-0.068854
0.060908,0.031933
3.706824,3.70656
4.375664,4.375654
0.841311,0.672878
0.932603,0.768791
-2.01837,-0.043839
1.690451,1.613446
-0.566032,-0.161734
1.4603,1.354781
1.948954,1.899016
-1.86645,-0.057855
-2.447803,-0.017171
-1.985228,-0.046686
0.452757,0.305435
-4.508513,-5e-06
-2.019862,-0.043713
-4.691312,-2e-06
0.176734,0.100763
-3.076274,-0.002841
-0.021801,-0.010711
-2.280567,-0.025416
1.264703,1.134227
2.732303,2.724183
-2.40367,-0.019108
0.203933,0.118443
0.551513,0.391196
3.067647,3.064724
-0.775426,-0.169929
-0.236671,-0.096197
-0.999274,-0.158868
-0.925294,-0.164279
1.055629,0.90179
0.96583,0.804333
1.894807,1.839754
-0.171433,-0.074049
-1.919577,-0.052674
-0.301691,-0.115081
-3.058918,-0.003008
3.355827,3.354758
-2.488635,-0.015521
-1.352663,-0.119378
1.272129,1.142573
2.219559,2.190488
5.269563,5.269563
-1.127596,-0.146495
2.152973,2.119485
-3.2107,-0.001801
2.144355,2.110262
1.530772,1.434257
2.165387,2.132757
2.173192,2.141093
1.974414,1.926773
2.06705,2.027178
-2.111329,-0.036484
1.675446,1.596681
2.831586,2.825488
2.156791,2.123569
-0.309218,-0.117066
0.73807,0.568074
-1.360809,-0.118334
-1.325884,-0.122796
-0.952404,-0.162469
1.461949,1.356642
0.808366,0.638975
0.738549,0.56855
0.211826,0.12368
-1.854833,-0.059026
1.223074,1.087521
0.270908,0.164377
-2.30057,-0.024296
-2.307245,-0.02393
-1.435236,-0.108747
-2.161031,-0.032929
-0.608312,-0.165185
0.842491,0.6741
-0.200985,-0.084486
1.889981,1.834457
0.129915,0.071672
2.874362,2.868994
1.148531,1.004334
-3.401117,-0.000902
0.084033,0.04483
1.28046,1.15194
3.295984,3.294654
0.713519,0.543812
-0.980859,-0.160351
2.718086,2.709635
-1.023004,-0.156837
-0.785232,-0.169814
0.867026,0.699615
-1.677194,-0.078559
1.620866,1.535558
4.063173,4.063121
-1.459671,-0.1056
0.037067,0.019082
2.292756,2.268027
-0.516551,-0.156397
-0.127956,-0.057464
0.215095,0.125863
-4.168202,-3.1e-05
-1.228934,-0.134847
-1.502347,-0.100129
2.087041,2.048725
1.505048,1.405264
1.641658,1.558868
0.861477,0.693826
0.265928,0.160846
-1.969761,-0.048055
-0.861789,-0.167638
-0.493913,-0.153467
2.070284,2.030667
-0.606058,-0.165026
2.853301,2.847584
-4.986139,-0.0
0.818142,0.648993
0.981409,0.821101
0.970889,0.809771
-0.515393,-0.156255
1.908882,1.855189
0.998787,0.839879
-2.03593,-0.042378
1.573951,1.482862
0.19727,0.114059
-0.441844,-0.145511
-1.657947,-0.080839
2.622648,2.611675
-3.599946,-0.000413
-0.192411,-0.081527
-1.805267,-0.064179
-0.074163,-0.034889
-0.314067,-0.118323
0.284864,0.174371
-1.221843,-0.135701
2.928848,2.924302
1.027756,0.871341
2.114678,2.078442
-1.064747,-0.152961
0.028289,0.014464
0.560653,0.39943
-2.187104,-0.031167
2.901268,2.89632
1.590118,1.501036
3.542664,3.542144
0.666164,0.497809
1.198567,1.060101
3.888637,3.888519
-0.454213,-0.147558
0.492951,0.339615
-1.024704,-0.156686
1.927755,1.875852
0.486377,0.333955
-2.066652,-0.039903
-1.817995,-0.062832
1.566915,1.474948
-0.772245,-0.169958
-2.315037,-0.023509
2.075817,2.036633
-1.541659,-0.095139
2.572206,2.559669
-4.212685,-2.4e-05
-0.671415,-0.168559
-3.002673,-0.003607
4.232695,4.232673
-0.509186,-0.155478
2.009391,1.964792
-1.954342,-0.049446
-1.804904,-0.064217
-2.088222,-0.038226
-0.830062,-0.168805
-0.953811,-0.16237
0.683966,0.514976
2.822597,2.816336
-2.663436,-0.009828
0.092488,0.049652
0.388534,0.253003
2.098561,2.061121
0.335792,0.212044
-2.86012,-0.005602
0.25965,0.15642
0.017766,0.009009
1.766327,1.697932
-1.521596,-0.097678
1.288523,1.161011
-4.80343,-1e-06
-1.706957,-0.07509
0.491759,0.338587
-0.032959,-0.016046
0.236896,0.140628
-0.307718,-0.116674
1.240923,1.107529
1.272781,1.143306
-4.854805,-1e-06
-2.763981,-0.007421
1.134693,0.98897
0.050732,0.026392
-2.502923,-0.014974
4.512823,4.512818
-0.435178,-0.144366
1.243549,1.110475
-1.862321,-0.058269
1.910321,1.856766
1.076182,0.924345
1.373467,1.256758
-2.19182,-0.030856
0.731052,0.561111
-2.782573,-0.007035
-5.017035,-0.0
-1.550543,-0.09402
-0.808889,-0.169379
-2.171331,-0.032225
0.449414,0.302639
4.375717,4.375707
-1.858024,-0.058703
-1.005579,-0.158341
0.43722,0.2925
-1.601627,-0.087663
-0.070946,-0.033467
-1.027038,-0.156479
-1.376704,-0.116292
-0.485287,-0.152268
-2.774925,-0.007192
-3.235199,-0.001653
-1.898487,-0.054695
-0.900357,-0.165752
0.271615,0.16488
6.36082,6.36082
-0.238252,-0.096694
-0.652268,-0.167751
0.67357,0.504932
0.739448,0.569444
-0.458709,-0.148277
-0.402377,-0.138306
-1.403964,-0.112781
2.830749,2.824636
3.799806,3.79963
-1.70008,-0.075885
2.410824,2.392041
-0.338246,-0.124339
1.969306,1.92121
1.400306,1.287054
1.579533,1.489138
-2.979798,-0.003878
-1.15875,-0.143053
-1.535321,-0.095939
3.640477,3.640128
1.255746,1.124165
0.250723,0.150178
-2.286964,-0.025053
-0.407311,-0.139264
-0.28047,-0.109261
1.088074,0.937431
1.843446,1.783258
0.43147,0.287753
-3.56205,-0.000481
-0.962946,-0.16171
-2.193553,-0.030742
2.329639,2.306904
0.735442,0.565464
3.360679,3.359629
4.001043,4.000973
3.895542,3.895427
0.696756,0.527405
0.335148,0.211556
6.091611,6.091611
0.480997,0.329343
-1.767816,-0.068231
-0.919818,-0.164619
1.666708,1.58691
1.550679,1.456677
-3.051205,-0.003084
-0.186082,-0.079307
0.29756,0.183586
1.533324,1.437132
1.556806,1.463573
-3.98363,-7.6e-05
2.863726,2.858184
-1.9265,-0.052021
-1.809659,-0.063712
0.043113,0.022298
-1.495802,-0.100965
-0.487374,-0.152562
3.289328,3.287965
-1.788011,-0.066029
-2.724428,-0.008302
-0.110007,-0.050185
0.03187,0.01634
-0.989585,-0.159659
1.02243,0.865542
0.082162,0.043771
2.9064,2.901529
-0.163537,-0.071147
-2.125727,-0.035428
-0.368255,-0.13123
-1.942015,-0.050576
1.172546,1.03106
-0.379624,-0.133676
-3.306315,-0.001282
1.565964,1.473878
-3.731885,-0.000237
-1.519114,-0.097993
0.683725,0.514743
2.667621,2.657904
1.054782,0.900863
-0.092984,-0.043048
1.398757,1.285305
-0.615744,-0.165691
2.709644,2.700992
2.266498,2.240272
-0.181404,-0.077646
2.328496,2.305701
-1.135843,-0.145598
-0.456522,-0.147929
-1.644966,-0.082392
0.022085,0.011237
0.410572,0.270685
0.716772,0.547011
1.299426,1.173283
1.684015,1.606258
1.989133,1.942789
0.381025,0.247053
2.047273,2.00582
0.205094,0.11921
2.525814,2.511684
-3.896122,-0.000114
0.337556,0.213382
1.92462,1.872422
-0.420159,-0.14168
1.033321,0.877407
-0.668589,-0.168451
-0.779802,-0.169883
-0.952254,-0.16248
-3.209774,-0.001807
0.237348,0.140938
1.154094,1.010518
-0.456405,-0.14791
0.006776,0.003406
4.106552,4.10651
-3.025548,-0.003352
-3.525236,-0.000558
-1.365188,-0.117772
3.004516,3.000931
1.061532,0.90826
0.889615,0.723289
0.425492,0.282841
-1.6848,-0.077665
-1.698472,-0.076071
-0.50245,-0.154609
1.538096,1.442508
0.991801,0.832321
-0.082082,-0.038356
-1.219477,-0.135984
-4.545743,-4e-06
3.976798,3.97672
1.843451,1.783263
-0.475176,-0.150802
0.162195,0.091547
-3.327496,-0.001186
-1.291377,-0.127154
4.079865,4.079817
1.904492,1.850377
0.970035,0.808853
-0.955413,-0.162256
-1.470672,-0.104186
0.169156,0.095939
2.573411,2.560914
-1.896592,-0.054879
-2.69559,-0.008997
-0.006647,-0.003306
0.210769,0.122976
1.691689,1.614829
-0.060936,-0.028988
-0.950069,-0.162634
0.91725,0.752475
1.672705,1.593617
-0.39076,-0.135986
0.15268,0.085604
-0.386046,-0.135019
0.131687,0.072742
4.194216,4.194189
-1.17506,-0.141198
-1.736372,-0.071734
-1.324268,-0.123001
0.280482,0.171217
1.778222,1.71113
-1.543677,-0.094884
1.248134,1.11562
-1.34882,-0.11987
3.963107,3.963023
-1.233084,-0.134346
2.830267,2.824146
-1.324456,-0.122977
1.350861,1.231252
2.46484,2.448374
0.255125,0.153249
-0.041425,-0.020028
-1.346681,-0.120144
1.806408,1.742351
-1.995837,-0.045762
-0.703353,-0.169506
-2.713071,-0.00857
1.922285,1.869867
1.275133,1.14595
1.417436,1.306393
2.196593,2.16605
0.189316,0.108871
2.767602,2.760257
0.400225,0.262342
-2.505579,-0.014874
-1.845534,-0.059974
0.602579,0.437804
1.551157,1.457215
1.111794,0.963609
2.254531,2.2276
1.008513,0.85042
1.135253,0.989591
-5.307528,-0.0
-2.571195,-0.01257
-1.259447,-0.131125
1.50271,1.402628
-1.778466,-0.067065
2.367209,2.346375
-0.40034,-0.137906
-0.708224,-0.169608
-0.625998,-0.16634
0.112745,0.061433
1.56693,1.474965
-0.151054,-0.066459
0.357542,0.228699
1.874394,1.817333
0.340648,0.215734
-1.681624,-0.078038
-0.711166,-0.169665
-0.745232,-0.170029
-1.161147,-0.142783
-1.908382,-0.053741
0.339883,0.215151
0.330867,0.208319
-1.105328,-0.148864
-4.045258,-5.7e-05
0.581432,0.418326
-0.305351,-0.116051
-1.097067,-0.149722
1.026583,0.870064
1.241832,1.108548
1.600803,1.513039
1.146404,1.00197
2.972144,2.968171
-2.714135,-0.008545
-3.906645,-0.000109
1.774852,1.707393
-2.538323,-0.013685
-0.47049,-0.150101
-0.67232,-0.168592
0.90154,0.735854
-1.236416,-0.133942
3.459015,3.458292
-1.790368,-0.065775
-0.472844,-0.150455
1.877131,1.820342
0.368814,0.237462
-0.152097,-0.066855
2.052369,2.011328
0.428513,0.28532
-0.074063,-0.034845
-0.357477,-0.128828
-1.945268,-0.050276
0.245098,0.146276
0.379376,0.245752
-1.195763,-0.138795
1.724036,1.650904
-3.264081,-0.001492
-2.699733,-0.008894
3.079744,3.076935
-1.712936,-0.074402
-0.643583,-0.167324
-1.707451,-0.075033
1.595454,1.507031
2.141228,2.106914
-1.125462,-0.146725
-2.251896,-0.027088
0.744766,0.574738
0.784782,0.614962
-0.091509,-0.042418
0.167073,0.09462
-3.336866,-0.001146
-0.01687,-0.008321
2.534009,2.520172
-1.339959,-0.121003
0.861836,0.6942
-1.903764,-0.054185
2.18125,2.149693
1.224588,1.089217
-1.02603,-0.156569
-0.346881,-0.126387
-1.641395,-0.082822
0.936839,0.773305
4.047906,4.04785
0.760261,0.590233
0.843762,0.675417
-2.558221,-0.013001
-0.783629,-0.169836
-0.077866,-0.036517
-0.236049,-0.096001
-1.57047,-0.091523
0.036832,0.018957
2.927354,2.922787
0.82003,0.650932
-2.721999,-0.008358
1.728123,1.655456
-3.385051,-0.000958
0.459981,0.311503
3.5625,3.56202
-0.511768,-0.155804
1.240272,1.106799
-2.427457,-0.018044
-0.937289,-0.163505
1.093059,0.942925
1.240542,1.107101
3.061323,3.058339
0.66777,0.499351
-0.49375,-0.153445
1.799611,1.734829
0.977374,0.816752
-1.225977,-0.135204
3.634634,3.634276
-2.882705,-0.005234
-0.824044,-0.168985
-1.321324,-0.123375
1.570031,1.478453
1.219452,1.083465
0.835947,0.667331
-4.426976,-8e-06
-2.469485,-0.016278
1.390971,1.276515
0.803806,0.634315
0.072065,0.038103
-0.824042,-0.168986
-0.978892,-0.160504
-0.885284,-0.166547
-2.122049,-0.035695
1.647238,1.565118
-2.924824,-0.004603
1.04108,0.885876
-1.045917,-0.154755
1.014474,0.856892
-1.156249,-0.143334
-0.873502,-0.167117
2.68612,2.676885
1.88373,1.827593
0.484061,0.331968
1.318778,1.19508
-0.19231,-0.081492
-1.316221,-0.124022
3.168534,3.16645
-1.43346,-0.108976
-1.216263,-0.136369
0.326611,0.205114
-1.492869,-0.10134
0.12989,0.071657
-0.555843,-0.160752
-2.06994,-0.039644
-0.385776,-0.134963
1.694498,1.617965
-0.636576,-0.166951
-4.253272,-2e-05
-1.289549,-0.127383
-0.583595,-0.163289
3.156099,3.153925
1.419659,1.308903
-5.925636,-0.0
-0.375732,-0.132849
-0.669533,-0.168487
-1.166487,-0.142177
1.50108,1.400789
-0.24209,-0.097891
-0.517564,-0.156521
0.027026,0.013804
1.293751,1.166894
-0.530301,-0.158025
-0.17817,-0.076488
4.105842,4.1058
-2.227658,-0.028565
2.23205,2.203757
0.661184,0.493034
-3.177102,-0.002024
0.944102,0.781056
-0.587947,-0.163647
1.284295,1.156254
-3.352787,-0.001081
-0.340893,-0.124973
1.377505,1.261316
-2.115243,-0.036195
-3.256794,-0.001531
1.892329,1.837035
1.522663,1.42512
2.19761,2.167133
-4.194235,-2.7e-05
1.954643,1.905225
-1.298759,-0.126227
1.15158,1.007723
1.750659,1.680528
0.774601,0.604664
1.755364,1.685757
4.116591,4.116551
1.624133,1.539223
0.716126,0.546376
-0.448913,-0.146693
0.091474,0.04907
1.464204,1.359187
-2.727495,-0.00823
-3.76344,-0.000207
-1.097486,-0.149679
0.92467,0.760351
-0.122379,-0.05523
2.465398,2.448954
-1.869716,-0.057528
1.496963,1.396147
-1.7325,-0.072171
2.418461,2.40002
2.287751,2.262742
0.084142,0.044892
-1.58362,-0.089887
0.050923,0.026496
0.914253,0.749298
-1.562455,-0.092525
1.99905,1.953566
-0.509983,-0.155579
-3.808886,-0.000169
-4.392061,-9e-06
0.26597,0.160875
-0.590263,-0.163833
1.303735,1.178135
-0.649063,-0.167598
1.320771,1.197326
-1.953911,-0.049485
1.062695,0.909535
-1.07516,-0.151939
1.006686,0.848438
-2.195432,-0.030619
1.797325,1.732298
1.345974,1.22574
2.212767,2.183266
1.707196,1.632134
-1.532882,-0.096248
0.209808,0.122337
1.377974,1.261845
-1.306977,-0.125191
-2.645821,-0.01031
2.299986,2.275658
-2.599214,-0.011678
2.156561,2.123323
3.888661,3.888543
2.960616,2.956497
1.668563,1.588985
-0.393044,-0.13645
-1.36709,-0.117528
-0.502216,-0.154578
2.421614,2.403313
-0.376459,-0.133004
2.680053,2.670662
-0.071907,-0.033893
-0.828247,-0.168861
-1.192977,-0.139121
1.167739,1.025704
0.396764,0.259567
-2.545563,-0.013433
1.973395,1.925664
0.665237,0.496919
1.385262,1.270071
1.896884,1.842033
1.722275,1.648942
1.923406,1.871094
-0.072902,-0.034333
-1.966256,-0.048369
-0.97185,-0.161045
-0.504252,-0.154844
0.397705,0.260321
0.959234,0.797253
0.120305,0.065913
-0.925421,-0.164271
-1.768953,-0.068106
1.646659,1.56447
-1.287687,-0.127617
-2.093966,-0.037788
-3.313402,-0.001249
1.641413,1.558593
1.332017,1.210001
-0.137782,-0.061342
0.11003,0.059835
0.930652,0.766713
2.111056,2.074552
1.002123,0.843492
1.566104,1.474035
-3.089412,-0.002721
-2.060326,-0.040405
-1.232984,-0.134358
0.428128,0.285004
-0.763144,-0.170016
-4.423911,-8e-06
-1.093773,-0.150061
0.490929,0.337872
1.676485,1.597843
-2.819259,-0.006323
-3.494076,-0.000631
2.209312,2.179591
4.965801,4.965801
1.295516,1.168881
1.206254,1.068695
0.92451,0.760181
-2.073845,-0.039338
-3.402301,-0.000898
1.519197,1.421214
-1.399023,-0.113418
1.782366,1.715725
-0.072688,-0.034238
-0.258649,-0.102932
-2.758556,-0.007537
-1.806614,-0.064035
2.887107,2.881942
-0.50421,-0.154839
1.006783,0.848543
0.679449,0.510606
0.076092,0.040354
1.852639,1.79339
-0.539228,-0.159022
-0.456673,-0.147953
2.127337,2.092026
-1.31385,-0.124323
2.718323,2.709878
-0.371791,-0.132001
-0.084391,-0.039358
2.876198,2.87086
0.945139,0.782164
2.744725,2.736885
-1.565037,-0.092202
-1.078471,-0.15161
-2.613569,-0.011242
2.25591,2.229061
0.767407,0.597414
-1.362305,-0.118142
-0.967387,-0.161381
-1.218169,-0.136141
-1.018301,-0.15725
-1.774175,-0.067533
0.478214,0.326965
-1.210656,-0.137037
-0.136896,-0.060995
-1.167052,-0.142113
-0.315472,-0.118684
0.49322,0.339847
-3.409933,-0.000872
1.264204,1.133666
-1.986148,-0.046605
-2.267289,-0.02618
-1.697091,-0.076232
-3.536443,-0.000533
0.165683,0.093743
2.151685,2.118107
1.023572,0.866785
-0.565586,-0.161693
-3.884416,-0.000121
1.139804,0.994641
-1.221304,-0.135765
0.097721,0.052664
1.157173,1.013942
1.149273,1.005158
0.013265,0.006703
-3.312424,-0.001253
2.376908,2.356544
-0.451485,-0.147115
0.989607,0.82995
0.884091,0.717484
1.851813,1.79248
-1.258399,-0.131254
1.34235,1.221653
0.361546,0.231802
0.292461,0.179871
0.584555,0.421187
-4.171296,-3e-05
-2.940236,-0.004389
0.677096,0.508333
-1.127691,-0.146485
0.644495,0.477124
1.369919,1.252754
1.461785,1.356457
-0.30764,-0.116653
-0.903202,-0.165594
-3.636325,-0.000355
-0.146404,-0.064682
0.288725,0.177161
-0.96881,-0.161274
-1.445569,-0.107416
0.932223,0.768386
-0.793712,-0.169684
-0.086975,-0.040473
-2.683611,-0.0093
-0.865164,-0.167492
-2.109214,-0.036641
-2.12604,-0.035405
-0.140159,-0.062268
1.712839,1.638426
2.258971,2.232303
-1.767966,-0.068214
3.046881,3.043753
-2.434194,-0.017751
-0.854002,-0.167957
-1.180289,-0.140596
-1.091965,-0.150246
-1.679428,-0.078296
1.674512,1.595637
3.812357,3.81219
2.086035,2.047641
-0.075729,-0.035579
-1.215892,-0.136413
-0.69599,-0.169331
-1.887971,-0.055721
-0.704274,-0.169527
0.74843,0.578393
-0.504411,-0.154865
-0.130636,-0.058529
-0.03105,-0.01514
-1.087789,-0.150672
0.976297,0.815592
-0.966534,-0.161444
0.531678,0.373496
1.200391,1.06214
-1.776432,-0.067287
-0.407578,-0.139315
-0.415153,-0.140752
0.020925,0.010637
-2.484994,-0.015662
2.612362,2.601084
2.055258,2.014449
-2.305094,-0.024048
1.496279,1.395375
-1.192,-0.139235
3.493426,3.492794
1.00702,0.8488
3.932335,3.932238
-1.357384,-0.118773
-0.904483,-0.165521
2.193928,2.16321
-2.907195,-0.004859
3.423316,3.422487
1.828128,1.766356
-1.872769,-0.057223
-2.316394,-0.023437
2.781787,2.774736
1.616552,1.530718
-1.333874,-0.121779
-3.783321,-0.00019
-0.73846,-0.169998
0.472427,0.322034
0.515612,0.35933
0.395492,0.25855
-5.558315,-0.0
0.261808,0.157938
-2.475323,-0.016044
3.169439,3.167362
3.454486,3.45375
1.585234,1.495547
4.125137,4.125099
1.334827,1.21317
-1.41183,-0.111766
1.473594,1.369784
1.196827,1.058157
1.064921,0.911977
2.765387,2.757995
0.946078,0.783167
0.677201,0.508434
1.821008,1.758492
0.834852,0.6662
0.328448,0.206496
3.127209,3.124811
0.143214,0.079761
-2.423227,-0.01823
0.203608,0.118229
2.394197,2.374651
1.049913,0.895533
-0.121567,-0.054902
0.752959,0.582918
-2.514304,-0.014549
2.168259,2.135825
-2.344615,-0.021962
-3.638367,-0.000352
-4.108774,-4.1e-05
0.572071,0.409783
-1.595977,-0.088359
1.312168,1.187633
4.567519,4.567516
1.764523,1.69593
-0.612011,-0.165441
0.874654,0.70759
-1.170614,-0.141707
0.947629,0.784826
-1.300419,-0.126018
0.842309,0.673912
1.896876,1.842024
-1.01623,-0.15743
1.622509,1.537401
1.204867,1.067144
-0.953589,-0.162386
-5.583785,-0.0
-2.311743,-0.023687
4.908228,4.908228
2.531963,2.518053
1.968931,1.920802
0.013358,0.00675
2.580245,2.567969
3.052218,3.049144
1.322,1.198711
-1.464966,-0.104919
2.329937,2.307217
-3.452358,-0.000742
4.947465,4.947465
0.451119,0.304064
-1.225953,-0.135207
-3.297141,-0.001325
-1.378582,-0.116051
3.432373,3.431572
-0.825508,-0.168943
2.201829,2.171626
-4.042071,-5.7e-05
1.918592,1.865824
-2.337255,-0.02234
-0.290575,-0.112074
2.003579,1.958484
-1.64612,-0.082254
0.58284,0.419615
0.483106,0.331149
-2.701988,-0.008839
2.190788,2.159864
-0.003391,-0.001691
0.018522,0.009398
0.539964,0.380862
-1.011097,-0.157873
0.332852,0.209819
0.601263,0.436585
-2.082597,-0.038658
1.504564,1.404718
3.684835,3.684545
-1.249137,-0.132391
-0.443811,-0.145843
0.111005,0.060408
-0.154525,-0.067775
1.153147,1.009465
0.697135,0.527775
3.16498,3.162871
2.169541,2.137195
-2.361397,-0.02112
-0.080522,-0.037677
-3.849263,-0.000141
1.504383,1.404514
1.187484,1.047722
5.752115,5.752115
-0.544356,-0.159573
-2.502905,-0.014974
0.109453,0.059496
2.73244,2.724323
0.725049,0.555173
-2.097797,-0.037497
-1.214835,-0.136539
2.474853,2.45879
-0.352643,-0.127724
-4.133667,-3.7e-05
-2.892435,-0.005082
-0.267726,-0.105607
-1.914114,-0.053193
-1.313697,-0.124342
0.729673,0.559746
1.573218,1.482037
0.142841,0.079533
-1.288162,-0.127557
1.245127,1.112245
-0.816702,-0.169187
-5.420063,-0.0
-2.130089,-0.035112
-0.942247,-0.163172
1.09222,0.942
-2.218605,-0.029131
-0.90057,-0.16574
-1.229519,-0.134777
-2.060695,-0.040375
0.238253,0.141559
-0.213185,-0.088598
0.555497,0.394779
2.346989,2.325148
-0.091457,-0.042396
-2.804262,-0.006606
-1.83763,-0.060787
-0.347392,-0.126507
1.012122,0.854337
-0.659778,-0.16809
-2.347231,-0.021829
-1.244492,-0.132959
0.907656,0.742315
0.909992,0.744786
2.518012,2.503599
-0.199646,-0.084027
0.25383,0.152344
-0.791866,-0.169715
-3.343095,-0.00112
-1.04761,-0.154597
-0.467497,-0.149646
2.345714,2.323808
-0.612778,-0.165493
-0.943744,-0.16307
1.409813,1.297786
-0.552763,-0.160444
-0.787455,-0.169783
-2.381605,-0.020139
-1.272124,-0.129557
2.032196,1.98951
-0.376319,-0.132974
-2.172552,-0.032142
0.910848,0.745692
-2.411701,-0.018744
0.478851,0.327509
3.881224,3.881102
-0.59541,-0.164237
-1.873082,-0.057192
0.557001,0.396134
1.479475,1.376419
-2.304981,-0.024054
0.405031,0.266208
-1.090736,-0.150372
-2.521885,-0.014272
-1.089277,-0.15052
-3.302378,-0.0013
-1.393722,-0.114101
-2.332778,-0.022572
-0.0073,-0.003629
-1.050246,-0.154349
-1.588312,-0.089306
-0.687297,-0.169091
1.789229,1.723331
0.677566,0.508786
-0.09295,-0.043033
-3.261535,-0.001506
1.538638,1.443118
2.734559,2.726491
-2.007019,-0.044801
-1.495312,-0.101027
-0.481657,-0.151749
2.527088,2.513004
-1.875847,-0.056917
0.11527,0.062924
-0.068799,-0.032513
1.807771,1.743858
1.61823,1.532601
1.073422,0.921311
-1.820457,-0.062574
-0.689613,-0.169159
-3.539355,-0.000527
-4.345378,-1.2e-05
-2.690196,-0.009132
-0.673288,-0.168628
2.093304,2.055466
0.191922,0.110566
-1.76163,-0.068913
-0.162643,-0.070815
-1.555806,-0.093358
-2.620887,-0.011025
-3.768649,-0.000202
0.131257,0.072482
0.893545,0.727425
0.492764,0.339454
1.529116,1.432392
-0.03218,-0.015677
0.900117,0.734352
6.100604,6.100604
1.331607,1.209539
0.970043,0.808862
-2.861432,-0.00558
-0.38875,-0.135576
1.650709,1.569005
0.007858,0.003954
2.034975,1.992518
2.145852,2.111865
-5.391497,-0.0
-0.886333,-0.166494
2.76477,2.757365
1.211797,1.074896
-1.152853,-0.143715
0.337833,0.213593
2.611895,2.600603
-0.646677,-0.16748
4.182491,4.182462
0.922369,0.757907
1.267088,1.136907
-1.320199,-0.123518
-1.626802,-0.084586
-0.47411,-0.150644
2.231979,2.203682
-2.91931,-0.004682
1.139224,0.993997
2.509787,2.495071
1.231014,1.096418
3.114522,3.11202
-0.54501,-0.159642
0.943023,0.779903
-0.789793,-0.169748
-3.860624,-0.000134
-0.519278,-0.156729
1.107917,0.959324
-4.079918,-4.8e-05
0.256711,0.154359
-2.138441,-0.034513
0.197186,0.114004
-0.138602,-0.061662
3.466283,3.46558
-1.525693,-0.097158
-1.348495,-0.119912
0.790685,0.620951
0.656292,0.488356
3.689986,3.689702
-2.011922,-0.044383
-0.927088,-0.164166
-1.01327,-0.157686
0.496584,0.342755
0.449748,0.302918
0.280954,0.171556
1.548897,1.45467
-0.445101,-0.146059
-1.363503,-0.117989
-2.217175,-0.029221
-3.337336,-0.001144
-1.570584,-0.091509
0.50764,0.352359
0.108003,0.058646
-1.046996,-0.154654
0.356234,0.227688
3.894425,3.89431
0.416454,0.275459
4.154026,4.153993
-0.362393,-0.129934
1.748092,1.677674
-1.393105,-0.114181
0.148757,0.083174
-0.337267,-0.124104
0.416813,0.275752
-1.353571,-0.119262
-1.477258,-0.10334
0.218211,0.127951
-1.150144,-0.144018
-2.089932,-0.038095
0.553333,0.392832
-0.009145,-0.004539
2.793035,2.786209
0.569079,0.407063
-5.394495,-0.0
1.498311,1.397667
2.535239,2.521445
-2.953476,-0.004212
-0.485588,-0.15231
3.489311,3.488668
-2.089065,-0.038161
0.453004,0.305642
-0.007146,-0.003553
1.844606,1.784537
-0.618706,-0.165884
-0.332037,-0.122834
-2.726488,-0.008254
0.2914,0.1791
0.764752,0.594744
-0.948578,-0.162738
-0.716318,-0.169754
1.556594,1.463334
-1.759405,-0.069159
2.535244,2.521451
-2.684786,-0.00927
-3.055215,-0.003044
-1.421817,-0.110478
-0.69246,-0.169238
-0.306966,-0.116476
4.283833,4.283816
-1.173847,-0.141337
-2.138698,-0.034494
0.440855,0.295512
-1.216799,-0.136305
0.48742,0.334851
-0.107517,-0.049156
-0.353204,-0.127853
-1.126553,-0.146608
-3.130603,-0.002371
-2.645246,-0.010326
-0.489604,-0.152874
2.665576,2.655805
-3.778218,-0.000194
1.182125,1.041742
1.057118,0.903422
3.435086,3.434293
-2.287042,-0.025049
0.342673,0.217277
-2.885989,-0.005182
1.246204,1.113454
0.004422,0.002219
-2.337982,-0.022302
-0.548907,-0.160049
0.531399,0.373249
0.241077,0.143501
3.327249,3.326062
2.499517,2.484414
-0.007024,-0.003492
-0.645975,-0.167445
0.222309,0.130709
3.441208,3.440434
1.651745,1.570165
0.169706,0.096287
1.515426,1.416964
1.775171,1.707746
-2.030439,-0.042832
4.683824,4.683822
0.232482,0.137609
0.453161,0.305774
-0.235339,-0.095778
-0.699079,-0.169408
1.256333,1.124825
-0.130331,-0.058408
0.11502,0.062776
-0.971121,-0.1611
-0.440911,-0.145352
2.187587,2.156452
0.609419,0.444157
-0.750561,-0.17004
0.678396,0.509588
1.303311,1.177657
-2.571565,-0.012557
-0.640538,-0.167165
2.365473,2.344554
0.40507,0.266239
-1.523246,-0.097469
0.85842,0.690641
3.75087,3.750652
-0.005758,-0.002866
0.218732,0.128301
2.999052,2.995404
5.718202,5.718202
3.962695,3.962611
-0.102735,-0.047164
-4.694868,-2e-06
5.115262,5.115262
0.713006,0.543308
-2.717403,-0.008467
-0.375049,-0.132703
-1.406888,-0.112404
0.103294,0.055896
0.460974,0.312339
-0.156078,-0.06836
-1.672097,-0.07916
-1.076838,-0.151772
-0.661034,-0.168144
-1.009928,-0.157973
2.344418,2.322446
1.494556,1.393432
-2.780273,-0.007082
0.792008,0.622296
-0.346758,-0.126358
-0.771705,-0.169962
-4.189041,-2.8e-05
1.313981,1.189675
-1.102379,-0.149172
-2.521088,-0.014301
1.507941,1.408526
1.041196,0.886003
1.789036,1.723118
1.536273,1.440454
-1.823198,-0.062287
-0.779505,-0.169886
-0.754867,-0.17004
2.969166,2.965156
2.336462,2.314081
-1.716531,-0.073989
-0.513256,-0.15599
1.289873,1.16253
0.258413,0.155552
0.17064,0.09688
2.072068,2.032591
2.245707,2.218248
-0.656614,-0.167951
-1.034728,-0.155786
-2.467324,-0.016366
-1.966098,-0.048383
1.131081,0.984964
4.293762,4.293746
-1.649896,-0.081801
1.201042,1.062867
-1.58667,-0.089509
-0.836542,-0.168596
-3.152775,-0.002199
1.405752,1.293202
4.455747,4.45574
0.764068,0.594056
-0.397711,-0.137385
1.669008,1.589483
-2.360783,-0.02115
2.393729,2.374162
-2.54747,-0.013367
3.535795,3.53526
1.248978,1.116567
3.63873,3.638378
3.689768,3.689484
0.976707,0.816034
-1.12083,-0.147223
2.222439,2.193549
-1.628201,-0.084416
0.763196,0.59318
-0.179795,-0.077071
-1.428695,-0.109591
2.016633,1.972648
-3.03212,-0.003281
-1.254989,-0.131674
0.460506,0.311945
-0.8414,-0.168429
0.972318,0.811309
2.437191,2.419569
-3.465095,-0.000706
1.308774,1.18381
0.324589,0.203596
0.350298,0.223115
-0.118341,-0.053597
-1.629275,-0.084286
-0.682589,-0.168946
2.008146,1.963441
-2.687238,-0.009207
1.984131,1.937349
0.036792,0.018936
0.562482,0.401083
-2.395902,-0.019466
2.273986,2.248194
-3.921499,-0.000102
-2.372991,-0.020552
-1.65705,-0.080946
4.850967,4.850966
-1.782731,-0.066601
0.359119,0.22992
-1.539361,-0.095429
0.033285,0.017084
2.46455,2.448072
-0.349161,-0.126919
-1.302325,-0.125778
2.475321,2.459277
2.053139,2.01216
0.084658,0.045185
1.109885,0.961499
-3.270868,-0.001456
-1.489816,-0.101731
-0.212422,-0.088345
-1.621403,-0.085243
-1.689888,-0.07707
-0.320928,-0.120073
3.665817,3.665503
3.100489,3.097867
-1.731256,-0.072312
1.093544,0.943459
1.138711,0.993428
0.800455,0.630896
1.624358,1.539475
2.078022,2.039009
0.636884,0.469916
-1.589747,-0.089128
-2.736372,-0.008027
3.205195,3.203359
3.241791,3.240176
-0.180371,-0.077277
-3.321265,-0.001214
2.189803,2.158814
3.581867,3.581423
0.191378,0.110211
-3.631307,-0.000363
0.282984,0.173016
-0.643096,-0.167299
-2.461687,-0.016595
1.769021,1.700923
0.009556,0.004814
-5.998762,-0.0
-1.543978,-0.094846
-0.800094,-0.169566
1.179985,1.039354
-1.146255,-0.14445
-2.082614,-0.038657
-4.626867,-2e-06
-1.27218,-0.12955
2.026692,1.983549
0.498551,0.344458
0.906954,0.741573
-2.279622,-0.025469
-4.255833,-2e-05
-1.043518,-0.154978
1.75151,1.681474
0.508928,0.353482
-1.167315,-0.142083
0.1867,0.107175
1.907511,1.853686
-2.281734,-0.025349
-0.290875,-0.112156
1.688513,1.611282
-2.816412,-0.006376
0.956686,0.794521
-2.489638,-0.015482
-1.581717,-0.090123
-1.17865,-0.140785
1.793698,1.728282
-0.138407,-0.061586
-3.865451,-0.000131
-1.620446,-0.085359
-1.601209,-0.087714
2.348387,2.326616
-1.849644,-0.059554
1.113769,0.965793
1.282091,1.153775
-0.193435,-0.081883
2.286449,2.261367
-0.804971,-0.169466
0.674272,0.505608
-0.444512,-0.145961
0.743363,0.57334
-0.627824,-0.166449
1.46908,1.36469
1.117927,0.970393
-1.597936,-0.088117
-0.226381,-0.092919
1.02774,0.871324
-0.19449,-0.08225
-0.763182,-0.170016
-1.185644,-0.139976
-3.296912,-0.001326
1.715259,1.641124
2.304185,2.280088
2.705103,2.696341
-1.057093,-0.153699
-0.095104,-0.043949
0.650461,0.482796
2.524018,2.509823
1.329566,1.207238
1.169427,1.027585
1.565533,1.473393
1.851208,1.791813
3.106157,3.103584
-3.111754,-0.002526
4.098665,4.098622
-2.71774,-0.008459
-0.128706,-0.057763
-1.987222,-0.046511
-2.329464,-0.022745
1.955422,1.906075
-1.428936,-0.10956
1.306685,1.181457
0.100397,0.054213
1.080416,0.929001
1.037169,0.881606
-1.117927,-0.147534
-0.862285,-0.167616
-0.477347,-0.151122
1.857282,1.798504
1.66789,1.588233
1.853086,1.793882
-0.911664,-0.165108
0.653118,0.485327
-1.367035,-0.117535
-1.668616,-0.079571
0.56523,0.403571
-1.150387,-0.143991
2.226776,2.198157
-3.035363,-0.003247
-4.351623,-1.2e-05
1.093947,0.943904
1.313117,1.188702
-0.527165,-0.157664
0.215041,0.125827
0.30678,0.190353
0.549304,0.389214
-0.656709,-0.167955
-2.036417,-0.042338
3.153748,3.151556
2.219617,2.19055
-0.408272,-0.139448
-1.434533,-0.108838
4.229658,4.229636
3.382491,3.381523
-0.385764,-0.134961
0.362967,0.232905
-1.301629,-0.125866
-2.464652,-0.016474
0.316354,0.197444
0.936699,0.773155
5.072387,5.072387
-3.397694,-0.000914
0.41185,0.27172
-1.153722,-0.143618
-1.436211,-0.108622
-4.642083,-2e-06
-0.369573,-0.131518
1.42061,1.309976
0.350073,0.222942
2.511682,2.497036
-2.276154,-0.025668
4.128254,4.128216
-0.821453,-0.169059
-0.382183,-0.134215
-0.695164,-0.16931
1.99176,1.945645
-2.15222,-0.03354
2.021515,1.97794
-0.11687,-0.052998
0.36952,0.238013
-1.093619,-0.150077
-0.697133,-0.16936
-2.71224,-0.00859
0.450427,0.303485
-1.360724,-0.118345
0.459689,0.311257
-3.827832,-0.000156
0.497058,0.343165
1.587024,1.497559
-0.833995,-0.16868
1.77879,1.71176
-3.116391,-0.002487
-1.724787,-0.073047
-1.692731,-0.076739
-0.942025,-0.163187
0.86531,0.697824
-0.625296,-0.166297
-3.302965,-0.001297
3.566036,3.565562
0.402311,0.264018
-0.911851,-0.165097
1.287263,1.159593
2.41712,2.398619
1.647294,1.565181
-0.061899,-0.029422
2.347788,2.325987
-0.386197,-0.13505
-0.660117,-0.168104
-0.174317,-0.075097
-1.193039,-0.139114
5.338038,5.338038
2.117113,2.081056
-1.074484,-0.152006
-4.497304,-5e-06
0.129323,0.071315
2.024154,1.9808
-2.299427,-0.024359
2.194289,2.163595
3.595123,3.594702
-1.564103,-0.092319
4.230577,4.230555
-1.371462,-0.116966
0.838691,0.670167
1.887225,1.831431
-1.386887,-0.114982
0.376045,0.243129
-0.011151,-0.005526
0.299317,0.184871
0.610517,0.445179
-2.091419,-0.037982
-1.082642,-0.151192
-2.562819,-0.012847
0.672314,0.503722
0.67879,0.509969
-1.54787,-0.094356
-1.166486,-0.142177
0.749748,0.579709
-0.303849,-0.115654
-1.256759,-0.131456
0.285934,0.175143
2.233553,2.205353
-0.481161,-0.151677
0.292941,0.18022
-0.924172,-0.16435
1.442399,1.334575
3.026554,3.023213
-2.021745,-0.043556
1.508849,1.409549
1.483866,1.381373
0.314714,0.196225
-2.661608,-0.009877
-0.325719,-0.121275
-2.730492,-0.008161
-2.24434,-0.027542
-0.253138,-0.101277
-0.805097,-0.169463
2.912703,2.907925
3.285591,3.28421
1.751364,1.681312
-0.805365,-0.169458
1.819684,1.757029
-1.633143,-0.083818
-1.39367,-0.114108
0.196282,0.113412
-1.360165,-0.118417
-2.000736,-0.045339
-1.040158,-0.155289
-4.51813,-5e-06
0.00188,0.000941
0.821339,0.652277
-1.548331,-0.094298
1.997098,1.951445
1.927428,1.875494
-0.476438,-0.150989
-2.885919,-0.005184
1.119434,0.972061
1.23805,1.104306
1.381771,1.266131
0.906115,0.740686
3.029335,3.026024
1.687924,1.610624
-0.614984,-0.16564
2.168306,2.135876
-1.535081,-0.095969
0.904915,0.739418
-0.00297,-0.001481
3.515934,3.515355
1.962853,1.914178
-2.081451,-0.038747
-0.966168,-0.161472
-2.547277,-0.013374
0.393261,0.256767
0.864275,0.696744
-2.062884,-0.040201
0.915257,0.750362
-0.345628,-0.126093
-2.729078,-0.008194
5.129584,5.129584
0.839448,0.67095
1.050692,0.896385
4.632291,4.632289
-2.788788,-0.00691
-1.03269,-0.155971
-2.588624,-0.012009
-1.281696,-0.128365
2.081278,2.042518
1.518928,1.420911
-2.521502,-0.014286
-0.528074,-0.157769
0.181783,0.104002
3.58935,3.588919
-1.40247,-0.112973
-2.260296,-0.02659
0.881595,0.714864
-2.88683,-0.005169
-1.858314,-0.058674
-0.736274,-0.169984
2.434427,2.416686
-2.051226,-0.041133
-1.915342,-0.053076
-0.993355,-0.159354
-2.10835,-0.036706
-1.305233,-0.125412
-1.087005,-0.150751
0.814658,0.645419
0.71756,0.547787
-3.895175,-0.000115
-0.856378,-0.167862
-3.938591,-9.4e-05
1.624583,1.539727
0.357903,0.228979
1.910796,1.857286
-0.460822,-0.148611
1.313621,1.189269
1.496601,1.395738
-1.027102,-0.156473
5.651585,5.651585
-1.392205,-0.114297
0.599804,0.435234
-2.171897,-0.032186
-1.797748,-0.064981
1.914829,1.861704
-0.47143,-0.150243
2.394943,2.375432
0.155531,0.087377
-0.519135,-0.156712
1.091105,0.940771
2.564175,2.551374
-0.764569,-0.170009
-3.554314,-0.000497
-0.859695,-0.167726
1.149513,1.005425
0.617177,0.451392
1.290908,1.163695
-3.009861,-0.003525
1.692063,1.615246
-3.090716,-0.002709
1.381155,1.265435
0.121449,0.066594
-0.843135,-0.168368
3.924931,3.924831
1.411913,1.300157
-1.442813,-0.107771
-0.232279,-0.094808
1.151786,1.007952
2.296895,2.272396
-1.585575,-0.089645
2.429646,2.411697
-0.945161,-0.162974
0.380587,0.246707
-1.017474,-0.157322
1.048231,0.893693
-0.678911,-0.168825
1.016274,0.858848
0.111842,0.060901
1.524674,1.427387
0.706745,0.537166
-1.398143,-0.113531
-1.350832,-0.119613
0.790011,0.620267
-0.93107,-0.163912
0.513329,0.35733
-0.245474,-0.098938
0.770612,0.600641
2.336767,2.314402
-0.612899,-0.165501
-0.236448,-0.096127
-0.630877,-0.166629
1.096012,0.946181
-0.622488,-0.166124
1.018803,0.861597
-0.138491,-0.061618
2.310477,2.286722
-0.880409,-0.166789
0.999663,0.840827
-3.165686,-0.002104
-0.559044,-0.161067
-0.675256,-0.168699
3.081062,3.078265
-1.80566,-0.064137
1.546534,1.45201
1.853667,1.794522
0.867712,0.700332
-0.937206,-0.16351
-0.575327,-0.162579
-0.312093,-0.117813
-3.361536,-0.001046
0.895129,0.729093
-0.657484,-0.167989
0.645735,0.478302
2.418615,2.400181
2.356474,2.33511
0.391888,0.255672
-0.154963,-0.06794
0.210562,0.122838
-0.421639,-0.141952
0.846665,0.678426
0.884346,0.717752
-0.374361,-0.132555
-0.506622,-0.155151
-0.090403,-0.041946
-0.859296,-0.167742
0.094858,0.051013
0.686504,0.517436
-2.339515,-0.022223
0.848346,0.68017
-0.596488,-0.16432
1.525353,1.428152
-0.772671,-0.169954
-1.631985,-0.083958
0.423446,0.281165
-0.758885,-0.170032
0.536231,0.377538
-3.430039,-0.000808
-1.02619,-0.156554
-1.51396,-0.098649
-6.349042,-0.0
-0.513816,-0.15606
1.107145,0.958471
1.639563,1.55652
0.175904,0.100232
-1.036112,-0.15566
-2.206683,-0.02989
1.713269,1.638906
2.277507,2.251917
-1.229659,-0.13476
-0.363241,-0.130123
1.950193,1.900369
-0.17753,-0.076258
-1.153401,-0.143654
-1.317346,-0.12388
-1.90896,-0.053686
-0.44676,-0.146336
-1.514027,-0.09864
2.05794,2.017345
-4.646008,-2e-06
4.110419,4.110378
1.016746,0.859361
1.367119,1.249595
-2.645336,-0.010323
-1.625239,-0.084776
-1.348168,-0.119954
-0.364832,-0.130476
-4.843412,-1e-06
-0.076866,-0.036078
-0.141173,-0.062662
0.641259,0.474056
1.977304,1.92992
-1.332442,-0.121961
0.656885,0.488922
-0.81754,-0.169165
0.33967,0.214989
0.177953,0.101543
-1.8137,-0.063285
0.406303,0.267234
-1.995484,-0.045792
0.400046,0.262198
-2.432892,-0.017808
-1.097128,-0.149716
-1.294091,-0.126814
-2.646708,-0.010285
-1.302873,-0.125709
-1.566531,-0.092015
-2.190795,-0.030923
-3.170029,-0.002073
-1.334523,-0.121696
-1.147269,-0.144338
2.360995,2.339855
-0.233413,-0.095168
-0.964713,-0.161579
-0.282801,-0.109917
-1.787438,-0.066091
-0.218635,-0.090399
-0.776856,-0.169915
-2.61167,-0.011299
-1.627345,-0.08452
1.832287,1.770947
-0.896422,-0.165967
2.926417,2.921836
2.394867,2.375353
2.239119,2.21126
-2.782174,-0.007043
-2.311384,-0.023706
-0.324997,-0.121095
-1.174776,-0.14123
0.277877,0.169349
-0.867003,-0.167412
4.146485,4.146451
-0.106286,-0.048645
-0.394641,-0.136772
-3.088707,-0.002727
3.296203,3.294874
-0.49982,-0.154262
0.617521,0.451714
-3.205313,-0.001835
-0.541802,-0.159301
1.919966,1.867329
-1.551375,-0.093915
-2.776682,-0.007156
0.156151,0.087763
-0.213475,-0.088695
1.062216,0.90901
-2.603218,-0.011555
-1.224415,-0.135392
-2.1401,-0.034395
1.763656,1.694967
-3.863378,-0.000133
-1.597485,-0.088173
2.094772,2.057046
-1.407271,-0.112354
-1.891921,-0.055334
0.285629,0.174923
2.074144,2.034829
1.301695,1.175837
1.368416,1.251058
1.096031,0.946202
-2.63059,-0.010742
-3.558525,-0.000488
1.69802,1.621896
1.221246,1.085474
-0.689628,-0.169159
3.045187,3.042042
0.569309,0.407271
-1.421122,-0.110568
-3.06262,-0.002971
0.40055,0.262603
-0.268736,-0.105901
-3.871196,-0.000128
-1.380975,-0.115743
-1.693217,-0.076682
-2.878208,-0.005306
-0.919803,-0.16462
-2.637451,-0.010545
0.550726,0.39049
-0.154685,-0.067835
-2.366377,-0.020875
-0.664577,-0.168291
-0.875362,-0.16703
-1.149802,-0.144056
0.455914,0.308083
-2.005082,-0.044966
0.245064,0.146252
0.076748,0.040722
-2.022366,-0.043504
1.327503,1.204913
-0.909784,-0.165218
-0.002949,-0.001471
-0.351718,-0.127511
1.995622,1.949842
0.861182,0.693519
1.508981,1.409698
-0.450387,-0.146935
-4.934488,-0.0
0.917747,0.753002
1.104442,0.955485
2.807022,2.800469
-0.296336,-0.113643
-1.284732,-0.127986
-0.910492,-0.165176
-0.391994,-0.136237
-2.577441,-0.012366
-1.261354,-0.13089
-0.94932,-0.162686
3.911294,3.911187
1.087961,0.937307
-2.110619,-0.036537
-1.048242,-0.154537
0.951874,0.789367
-2.071915,-0.039489
0.949362,0.786679
-3.183108,-0.001982
-0.606607,-0.165065
-1.490236,-0.101677
0.154938,0.087008
-0.404136,-0.138649
2.530373,2.516407
-3.383576,-0.000964
0.908383,0.743084
-3.118513,-0.002469
-0.383145,-0.134416
0.646466,0.478996
-1.085737,-0.15088
-3.619053,-0.000382
-2.223459,-0.028826
1.236833,1.102942
-3.417646,-0.000847
-0.685408,-0.169034
-0.673861,-0.168649
-2.463943,-0.016503
0.536496,0.377774
2.248321,2.221019
-1.609426,-0.086705
-1.452535,-0.106518
2.146284,2.112327
-2.396253,-0.01945
-0.142507,-0.063179
1.513043,1.414278
-2.181703,-0.031526
5.433355,5.433355
2.85532,2.849637
2.125566,2.090127
0.521533,0.364533
-0.384857,-0.134773
5.201252,5.201252
0.91841,0.753705
-1.27147,-0.129638
0.463881,0.314792
-0.563538,-0.161499
-0.560183,-0.161178
-3.029763,-0.003306
-2.254776,-0.026916
0.312167,0.194335
-1.412118,-0.111729
1.049325,0.894889
-1.918034,-0.052821
-0.010507,-0.005209
0.887347,0.720904
1.452644,1.34614
-1.290012,-0.127325
1.554604,1.461095
-0.051002,-0.024464
-1.781967,-0.066684
0.923458,0.759064
-2.095877,-0.037643
-0.526478,-0.157584
-2.189016,-0.031041
0.095297,0.051266
-3.827252,-0.000156
0.508538,0.353142
0.11824,0.064684
0.203315,0.118035
0.731971,0.562022
2.095777,2.058127
-2.515398,-0.014509
2.192469,2.161656
0.17241,0.098005
-2.073436,-0.03937
-2.543487,-0.013505
2.704744,2.695973
-3.904235,-0.00011
0.145882,0.081401
-2.518021,-0.014413
-0.731911,-0.169949
-0.652829,-0.167777
-2.231598,-0.028321
0.569108,0.407089
0.098385,0.053048
-2.122987,-0.035627
0.195056,0.11261
-0.46216,-0.148821
-0.128175,-0.057551
4.17312,4.17309
-1.810952,-0.063575
-1.440919,-0.108015
-1.641411,-0.08282
-3.873033,-0.000127
-1.655164,-0.081171
0.562369,0.400981
3.717832,3.71758
5.09198,5.09198
0.041165,0.021258
0.903071,0.73747
-1.835199,-0.061038
0.214996,0.125797
3.634158,3.6338
1.146737,1.00234
-0.751925,-0.170041
-1.874046,-0.057096
-2.155856,-0.033287
3.681305,3.681011
-3.239892,-0.001626
1.078687,0.927099
1.044824,0.889967
-0.511806,-0.155809
0.202113,0.117242
-0.1012,-0.046521
1.856547,1.797694
-1.84334,-0.060199
-1.756829,-0.069445
-1.91026,-0.053561
1.857118,1.798323
-1.585878,-0.089607
0.251699,0.150858
0.103951,0.056279
0.147417,0.082347
3.879437,3.879314
2.229204,2.200735
-0.444529,-0.145963
0.657648,0.489651
0.474503,0.323801
-1.868747,-0.057624
-1.344342,-0.120443
0.246196,0.147036
-2.120764,-0.035789
-0.458813,-0.148294
3.417139,3.41629
-3.20027,-0.001868
4.300169,4.300154
1.648056,1.566034
-1.837548,-0.060795
-1.47081,-0.104168
-0.71894,-0.169794
0.058734,0.030742
0.705429,0.535878
-0.459862,-0.14846
1.71435,1.640111
-0.268099,-0.105716
2.541956,2.528398
1.774962,1.707515
-1.453942,-0.106337
-1.440741,-0.108038
-0.831966,-0.168745
-2.825735,-0.006204
2.597991,2.586275
3.426312,3.425492
-1.22338,-0.135516
-0.6517,-0.167724
1.477053,1.373687
0.700817,0.531368
-0.950844,-0.162579
2.52449,2.510313
-0.629857,-0.166569
1.857484,1.798726
3.060352,3.057358
-0.685568,-0.169039
3.961482,3.961398
2.16494,2.13228
2.19791,2.167453
-0.341815,-0.125192
1.261429,1.130548
0.215373,0.126049
-0.575434,-0.162588
2.02397,1.9806
1.688633,1.611416
1.627703,1.543226
-1.072939,-0.152159
0.791827,0.622112
0.654458,0.486605
-0.256901,-0.102409
-2.53229,-0.013898
3.998232,3.998161
-2.279193,-0.025494
-1.889708,-0.05555
-1.573362,-0.091163
2.33816,2.315867
2.121018,2.085247
-0.904314,-0.165531
-0.481319,-0.1517
-2.198963,-0.030389
2.441919,2.424499
2.160288,2.127308
3.146865,3.144621
1.88535,1.829372
-1.243329,-0.133101
-0.055598,-0.026566
0.811678,0.642365
0.21062,0.122877
0.93508,0.771429
1.294465,1.167698
-2.670851,-0.009631
-0.017195,-0.00848
0.267626,0.162048
1.303917,1.178339
0.239769,0.1426
1.943639,1.893213
-0.487361,-0.15256
2.510382,2.495688
-2.662815,-0.009845
0.85187,0.683829
-1.804778,-0.064231
2.381751,2.361619
-0.038982,-0.018885
0.764403,0.594393
0.251237,0.150536
1.12949,0.9832
0.955955,0.793738
-1.716941,-0.073942
0.522658,0.365524
-0.185898,-0.079242
1.982491,1.935565
0.427883,0.284803
-1.702947,-0.075553
-0.540635,-0.159175
0.105092,0.056944
0.33352,0.210324
-3.00581,-0.003571
-0.02686,-0.013142
1.316135,1.192102
-1.91999,-0.052635
5.368851,5.368851
1.038804,0.883391
2.440204,2.422711
-4.293895,-1.6e-05
-0.420797,-0.141797
-0.619599,-0.165941
-3.96279,-8.4e-05
3.279948,3.278538
3.96149,3.961406
-1.173145,-0.141417
2.365408,2.344486
0.742334,0.572315
3.063211,3.060245
-2.779625,-0.007095
-4.290448,-1.6e-05
0.626039,0.459697
3.203974,3.20213
-1.087225,-0.150729
0.492358,0.339104
-0.158676,-0.069336
0.782482,0.612632
-1.454823,-0.106224
-0.898169,-0.165872
-1.526073,-0.09711
0.815447,0.646228
2.052722,2.011709
-1.038283,-0.155461
-0.48729,-0.15255
0.302843,0.187456
0.956367,0.79418
-5.486917,-0.0
-1.801266,-0.064605
-2.853629,-0.005712
-1.040278,-0.155278
-1.085641,-0.150889
1.394928,1.280982
-3.165852,-0.002103
3.854995,3.854857
-0.15782,-0.069015
2.547667,2.534307
0.906895,0.741511
4.250191,4.250171
-2.713846,-0.008551
-2.686913,-0.009215
-0.769439,-0.169979
2.999931,2.996293
-0.762324,-0.17002
-1.488243,-0.101932
-1.493911,-0.101207
-1.704538,-0.075369
2.229458,2.201005
2.17117,2.138934
0.928916,0.764866
-5.367503,-0.0
1.451577,1.344935
-3.600643,-0.000411
0.796185,0.626545
-1.420565,-0.11064
1.737895,1.666333
0.581256,0.418164
1.610298,1.523699
-3.956675,-8.6e-05
1.305632,1.180271
1.751604,1.681578
1.29217,1.165115
0.318067,0.19872
3.027586,3.024256
4.499058,4.499053
0.339801,0.215089
-2.380353,-0.020198
0.001078,0.000539
4.578643,4.57864
0.07225,0.038206
2.631438,2.620721
2.830919,2.824809
1.223503,1.088002
2.711792,2.703191
-0.253102,-0.101266
2.362869,2.341822
-0.082021,-0.03833
-1.346139,-0.120213
0.082042,0.043703
-1.174444,-0.141268
2.157196,2.124002
-0.700767,-0.169448
3.292413,3.291065
-0.904783,-0.165505
0.103216,0.055851
-3.166555,-0.002098
-1.310671,-0.124725
0.316003,0.197183
-1.120471,-0.147262
3.401021,3.400119
1.979487,1.932296
0.838763,0.670242
1.254573,1.122848
1.118932,0.971506
1.026377,0.869839
2.278927,2.253418
-1.256517,-0.131486
2.384474,2.364472
-1.280298,-0.12854
-1.941619,-0.050612
0.226123,0.133287
0.552549,0.392127
-2.075203,-0.039232
-2.060057,-0.040426
-0.955249,-0.162267
-1.280165,-0.128556
-0.26833,-0.105783
-5.562593,-0.0
2.465489,2.449049
-1.408368,-0.112213
-3.604129,-0.000406
3.551954,3.551453
-0.693328,-0.169262
0.97495,0.814142
-1.169009,-0.14189
-0.221811,-0.091438
-1.707824,-0.07499
-3.591757,-0.000427
-2.572806,-0.012517
2.328789,2.306009
0.701461,0.531997
3.625511,3.62514
-1.655569,-0.081123
-0.970263,-0.161165
0.233628,0.138392
3.174841,3.172802
2.103608,2.066548
4.033473,4.033413
-0.232667,-0.094931
2.376803,2.356434
-1.158701,-0.143059
-3.961105,-8.4e-05
-3.780407,-0.000192
0.128991,0.071115
0.176845,0.100834
2.432362,2.414531
-1.204077,-0.137816
-0.878752,-0.166869
4.546142,4.546138
-1.524065,-0.097365
-1.095797,-0.149853
-0.36754,-0.131073
4.379424,4.379414
0.96033,0.798429
-1.998088,-0.045567
2.564434,2.551641
-1.057158,-0.153693
3.373365,3.372364
-2.921962,-0.004644
0.938728,0.775319
-0.893301,-0.166133
-1.034573,-0.1558
-0.050463,-0.024216
1.056414,0.90265
-1.754879,-0.069661
2.277957,2.252393
-0.836941,-0.168583
1.017087,0.859731
-1.749197,-0.070294
0.366665,0.235784
-2.111829,-0.036447
-1.097724,-0.149654
-0.722771,-0.169848
-1.36182,-0.118205
-0.003722,-0.001855
-2.191804,-0.030857
1.659832,1.579218
-1.15965,-0.142952
0.536479,0.377759
-1.972752,-0.047788
-2.276876,-0.025626
1.379728,1.263825
-0.489966,-0.152924
-3.551654,-0.000502
0.020303,0.010316
-1.464769,-0.104944
0.162989,0.092046
0.159343,0.089758
0.05175,0.026943
-0.781808,-0.169859
1.428358,1.318724
-1.276561,-0.129005
-1.868002,-0.057699
2.317695,2.294328
0.083135,0.044322
0.217832,0.127697
0.026296,0.013424
-0.477884,-0.151201
-3.037952,-0.00322
0.214293,0.125327
0.098485,0.053106
-0.136105,-0.060685
-0.685493,-0.169037
-1.562104,-0.092569
-0.491802,-0.153178
-0.363548,-0.130191
1.00985,0.851871
-2.484839,-0.015668
-2.028366,-0.043003
0.760684,0.590658
0.563646,0.402136
-1.455629,-0.10612
-4.527047,-4e-06
-0.811751,-0.169311
1.010064,0.852103
2.150971,2.117343
3.366971,3.365946
-0.575773,-0.162618
1.157823,1.014666
-1.343688,-0.120527
3.394578,3.393653
0.456847,0.308866
0.169978,0.09646
0.156639,0.088068
0.99517,0.835964
-1.922339,-0.052413
1.705578,1.630329
0.589333,0.425574
0.512958,0.357005
0.291445,0.179133
0.058243,0.030474
-2.607109,-0.011436
-0.492913,-0.153331
-0.923222,-0.164409
-2.114466,-0.036252
0.535191,0.376614
-1.353977,-0.11921
-2.331475,-0.02264
-2.103073,-0.0371
0.566169,0.404422
2.261937,2.235444
-2.022595,-0.043484
-2.797217,-0.006743
-0.810471,-0.169342
-2.67848,-0.009432
-0.340495,-0.124878
-3.842994,-0.000145
-1.821171,-0.062499
6.134711,6.134711
-1.123683,-0.146917
-1.28797,-0.127581
-1.348799,-0.119873
0.982294,0.822056
3.40343,3.402536
1.456604,1.350609
0.554181,0.393595
0.034403,0.017674
3.287155,3.285781
-2.673924,-0.00955
-2.660324,-0.009912
2.751426,2.743734
-2.260391,-0.026584
1.939961,1.889195
-2.621135,-0.011017
1.668208,1.588588
2.668006,2.6583
-0.349213,-0.126931
-0.700509,-0.169442
0.881195,0.714445
-1.638635,-0.083154
-4.850163,-1e-06
2.640129,2.629659
1.540806,1.44556
0.969759,0.808556
-2.194221,-0.030698
2.057723,2.017111
1.733667,1.661628
-1.369562,-0.11721
2.197887,2.167428
0.608357,0.443169
0.744836,0.574808
1.895883,1.840935
-0.946564,-0.162877
2.343408,2.321384
2.024377,1.981041
0.693993,0.524714
0.262861,0.15868
-3.570355,-0.000465
0.673572,0.504934
-1.498325,-0.100642
-1.885189,-0.055994
1.728146,1.655481
2.159391,2.126349
-1.395891,-0.113822
1.152836,1.009119
-1.733208,-0.072091
2.832537,2.826457
0.542782,0.383376
-2.565013,-0.012774
0.665227,0.496909
-4.666985,-2e-06
-0.883994,-0.166612
0.530871,0.372781
2.935727,2.931276
0.705809,0.53625
0.664879,0.496575
0.694146,0.524863
3.064547,3.061594
1.852888,1.793664
-1.973312,-0.047739
1.231862,1.097368
1.640814,1.557922
-2.083542,-0.038586
-0.860138,-0.167707
-0.900619,-0.165737
0.118905,0.06508
0.323243,0.202587
-0.539229,-0.159022
2.135409,2.10068
-2.213304,-0.029467
0.586714,0.423168
2.334071,2.311567
-1.863359,-0.058165
0.413899,0.273382
5.348886,5.348886
1.87951,1.822956
1.650828,1.569139
-0.785858,-0.169806
0.926945,0.76277
1.693708,1.617083
-1.845683,-0.059959
2.996796,2.993121
-0.71916,-0.169797
-2.598792,-0.011691
-0.166455,-0.072225
1.125773,0.979081
-0.013221,-0.006541
-1.025061,-0.156655
2.112736,2.076356
2.176025,2.144118
0.705465,0.535913
1.567302,1.475383
3.630802,3.630439
-0.719379,-0.169801
-4.257165,-1.9e-05
-1.903669,-0.054194
-1.876137,-0.056888
3.073334,3.070465
0.719035,0.54924
0.131705,0.072753
4.602648,4.602645
-0.356334,-0.128568
0.201619,0.116917
-2.94391,-0.004339
-2.871399,-0.005416
1.070908,0.918549
-0.711478,-0.16967
